days_since_last_login,watch_percentage_last_week,days_since_last_lesson,current_course_progress,quiz_failure_count,login_frequency_trend,support_tickets_opened,days_to_complete_last_lesson,churn
37,55.6,42,52.2,3,-0.67,0,8.1,1
18,45.8,19,62.7,2,0.08,0,3.9,0
6,43.8,9,62.4,3,0.68,1,8.7,0
19,56.6,24,18.6,5,-0.03,1,4.8,0
17,62.8,19,45.4,4,0.07,1,5.8,0
15,83.8,18,68.6,1,0.1,1,2.4,0
33,49.3,39,36.1,2,0.16,0,8.5,0
39,26.4,44,21.3,0,-0.13,0,10.6,1
17,74.0,24,62.8,1,0.29,0,3.8,0
3,59.6,14,68.8,1,0.53,0,3.2,0
38,24.9,43,14.4,2,-0.9,1,10.1,1
19,38.9,19,55.8,4,0.1,3,6.3,1
4,53.3,8,77.3,0,0.47,0,0.8,0
22,50.0,26,36.0,3,-0.27,0,6.6,1
6,59.3,10,69.8,3,0.93,0,2.3,0
24,45.6,32,35.6,4,-0.73,1,7.2,1
31,30.2,26,40.8,2,-0.92,0,6.5,1
30,42.5,38,36.2,1,-0.12,1,7.7,0
15,50.6,24,68.0,0,0.11,2,1.3,0
15,39.9,19,22.5,2,-0.1,1,3.5,1
6,63.2,10,64.4,1,0.47,0,2.5,0
31,38.3,32,22.7,4,-0.28,1,7.4,0
14,62.0,16,48.8,1,0.1,2,1.0,1
25,27.7,30,46.7,1,-0.4,0,5.4,0
14,46.2,19,65.6,5,0.31,0,6.1,1
19,58.9,24,29.6,3,0.31,0,6.5,0
43,11.8,48,25.0,2,-0.47,0,4.0,0
10,61.7,16,66.1,1,0.21,0,2.9,0
24,39.9,29,31.3,1,0.04,0,8.8,1
10,74.4,8,64.5,2,1.0,0,3.0,0
23,38.6,28,14.6,3,-0.19,0,7.8,1
8,79.2,17,65.5,0,0.61,0,3.9,1
31,48.1,33,24.7,2,-0.44,1,5.9,1
31,21.9,39,23.1,3,-0.87,0,9.8,1
13,80.7,11,64.4,2,0.16,0,4.7,1
38,5.8,40,0.5,2,-0.78,0,9.7,0
38,4.1,37,21.9,1,-0.42,0,8.0,1
2,74.4,10,67.4,0,0.39,0,2.6,0
24,50.4,33,28.3,0,-0.09,0,4.1,0
24,61.9,26,32.7,2,0.16,0,6.1,0
25,72.8,32,64.8,0,0.88,0,1.4,1
21,36.2,30,63.5,1,0.58,1,2.5,1
19,53.5,21,45.4,2,0.12,0,7.8,0
43,12.1,46,0.0,2,-0.53,3,10.6,1
30,9.4,35,25.5,2,-0.61,0,7.3,0
31,38.1,30,12.6,2,0.1,0,4.1,1
5,74.5,7,57.0,1,0.67,0,2.8,0
0,76.3,11,68.8,0,0.6,2,1.7,0
35,26.8,35,19.0,2,-0.99,4,10.1,1
29,43.6,34,17.6,3,-0.25,0,5.6,1
5,67.3,9,64.8,1,0.29,0,0.5,0
24,44.4,25,38.9,2,-0.06,0,3.1,1
17,42.2,20,66.6,2,0.12,1,3.7,0
18,65.0,27,45.5,3,0.18,1,4.7,0
20,70.3,24,54.8,4,-0.17,1,2.4,0
25,25.6,30,38.9,2,0.06,1,5.3,0
37,10.6,45,13.4,3,-0.44,2,10.7,1
24,50.9,25,59.6,0,0.83,0,6.6,1
14,58.7,12,43.6,2,0.9,0,4.5,0
37,21.0,46,8.1,2,-0.58,2,8.6,0
5,76.0,8,93.1,0,1.0,0,0.8,1
42,10.3,48,21.6,3,-0.84,1,11.7,1
40,16.4,39,15.6,5,-1.0,0,9.7,1
37,28.7,41,29.9,4,-0.69,2,10.9,1
26,22.5,24,9.9,1,-0.06,1,9.2,1
21,60.8,23,32.9,2,1.0,1,6.6,1
20,55.8,19,35.2,2,0.27,0,5.4,1
22,62.3,20,73.1,1,0.11,0,5.0,1
31,31.5,32,27.5,3,-0.12,0,4.0,0
6,68.4,0,80.6,0,0.83,0,2.5,0
19,21.9,16,34.5,5,-0.32,1,7.3,0
29,27.4,34,40.6,3,0.08,1,4.0,1
35,20.8,38,19.2,3,-0.59,1,13.4,1
18,52.7,16,27.4,3,-0.32,1,7.2,0
15,81.5,19,32.2,1,0.67,0,1.7,0
0,74.7,0,90.5,2,0.95,0,6.3,0
22,55.7,27,45.6,2,0.2,0,3.8,0
20,49.0,22,24.8,1,0.2,0,7.1,0
15,30.3,16,39.9,3,0.1,2,7.1,1
18,64.1,20,58.6,2,0.25,0,3.8,0
27,34.9,39,38.7,3,-0.44,0,6.9,0
14,57.4,13,66.3,4,0.03,0,7.7,1
19,48.9,22,31.7,3,-0.07,1,7.7,0
18,59.6,23,40.0,1,0.65,1,4.8,0
7,77.8,5,63.9,2,0.53,0,0.5,0
27,9.9,23,27.2,1,-0.48,0,9.6,0
26,58.7,26,21.7,3,0.01,2,3.0,0
23,44.8,28,41.5,0,-0.18,0,7.4,0
15,49.0,16,61.6,0,-0.08,1,3.6,0
12,56.2,13,61.5,1,0.23,0,3.8,0
23,55.6,29,57.7,2,0.0,1,3.9,0
4,80.6,3,78.7,0,0.93,0,5.3,0
8,65.5,10,38.8,0,0.66,1,0.5,1
23,51.7,19,55.7,3,-0.16,0,8.2,0
29,27.7,32,29.9,3,-0.44,0,8.6,0
33,7.6,36,28.0,2,-0.61,0,9.4,1
2,74.3,7,61.2,0,1.0,1,1.2,0
34,13.0,31,0.7,3,-0.8,1,9.4,1
27,21.0,28,57.7,0,-0.06,0,5.9,0
19,50.3,16,30.0,1,-0.5,1,5.3,0
30,48.7,31,23.5,3,0.01,0,7.9,1
28,26.4,36,46.5,6,-0.09,0,9.7,1
0,67.8,1,82.3,2,0.27,0,0.5,1
43,10.7,40,16.0,0,-1.0,2,11.6,1
26,28.7,25,30.2,1,-0.11,1,7.5,1
24,40.5,20,17.7,1,-0.78,0,7.0,0
18,56.5,15,62.8,1,0.36,0,1.6,0
33,12.8,38,26.2,5,-0.72,1,5.4,1
21,34.2,17,12.6,1,-0.25,1,7.6,1
37,5.1,40,44.3,1,-0.56,2,5.2,1
26,36.0,28,15.0,1,-0.23,1,7.8,0
17,45.2,17,46.2,4,-0.35,1,5.0,0
26,36.0,29,15.1,4,-0.29,4,9.4,1
16,77.3,14,68.2,2,0.32,0,2.8,1
9,73.1,14,71.0,2,0.65,0,2.1,0
25,33.2,24,52.2,3,0.17,0,3.0,0
9,71.1,9,78.5,1,0.9,0,3.3,0
32,41.4,32,25.6,4,-0.25,3,9.3,0
12,72.2,17,61.4,0,0.08,2,4.2,0
32,44.0,36,54.9,3,-0.61,0,8.8,1
8,58.2,0,41.1,0,0.63,1,4.3,1
28,34.1,31,6.3,0,-0.2,1,3.1,0
18,58.3,13,50.5,2,0.46,0,5.2,0
30,21.2,31,14.1,7,-0.52,0,8.1,1
16,80.9,18,57.1,3,0.31,0,0.5,0
18,78.0,19,60.4,0,0.81,1,1.8,0
42,4.2,46,14.2,2,-0.5,0,7.2,0
43,10.8,48,0.0,3,-0.59,1,7.4,1
9,71.2,8,68.9,4,0.53,0,3.0,0
28,40.6,27,40.1,5,0.25,2,7.0,1
17,34.4,19,43.2,1,-0.58,2,4.7,1
38,2.7,34,18.4,2,-1.0,1,10.6,1
23,58.1,23,53.3,3,-0.15,1,5.8,0
26,39.4,33,53.3,0,0.66,0,4.0,1
2,85.3,0,60.9,0,0.81,0,3.4,0
2,63.7,3,84.0,0,0.32,1,4.2,0
46,5.9,46,18.3,4,-0.87,0,5.4,1
25,46.8,35,45.7,3,-0.57,0,9.5,1
19,49.9,19,26.6,2,0.1,1,4.2,0
15,38.3,15,46.4,0,0.41,1,3.7,0
12,60.6,10,40.4,3,0.54,1,3.9,0
18,37.4,20,41.4,3,-0.1,1,5.1,1
26,30.0,29,39.1,3,-0.41,0,5.3,1
23,27.2,21,28.3,2,-0.28,0,9.0,1
38,14.8,44,5.5,2,-0.46,1,9.6,1
27,23.1,30,34.5,3,0.35,3,3.9,0
20,70.1,25,41.6,1,-0.34,1,7.3,1
5,72.4,6,87.8,1,1.0,1,3.7,0
9,67.2,12,88.3,0,0.65,0,0.5,0
6,68.2,7,81.6,2,0.88,0,3.2,0
25,46.2,33,29.7,3,-0.31,0,9.1,0
25,24.3,27,60.3,2,0.32,1,3.3,1
14,75.7,16,71.0,1,0.7,0,3.6,0
5,79.1,5,71.2,2,0.62,0,0.6,0
15,40.6,15,43.7,1,0.35,0,6.0,0
34,12.5,37,11.1,3,-0.2,0,6.8,1
14,44.7,19,39.1,1,-0.08,1,8.5,1
23,33.1,22,45.0,6,-0.69,2,5.9,0
14,60.7,17,37.9,2,0.26,0,3.3,1
4,89.1,7,62.5,0,0.63,0,1.6,1
20,44.5,23,42.9,2,-0.06,0,8.0,1
4,63.6,0,81.5,0,0.59,0,0.9,1
13,65.8,11,69.8,0,1.0,1,4.9,0
13,72.5,10,74.1,4,-0.04,0,3.1,0
29,19.9,31,7.2,2,-0.45,3,5.6,1
13,60.7,11,44.9,1,0.35,0,4.5,1
35,18.5,35,13.8,9,-0.03,1,9.4,1
36,42.8,33,30.2,5,-0.44,2,5.3,1
9,74.3,9,73.0,2,0.79,0,2.8,0
33,12.9,31,12.9,1,-0.42,0,9.4,1
37,32.4,42,16.9,3,-0.51,1,10.9,1
8,81.0,12,82.7,0,1.0,0,5.6,1
32,41.4,35,43.4,0,-0.47,1,11.4,1
32,23.3,33,22.4,0,-0.63,1,8.1,0
25,37.9,19,17.6,4,-0.07,1,8.6,1
8,69.8,8,59.3,2,0.67,0,1.8,1
45,0.0,44,10.8,3,-0.83,0,13.5,1
5,81.6,8,75.0,1,0.67,1,0.8,0
13,82.8,17,76.6,1,0.92,1,6.5,0
21,55.7,24,43.6,2,0.06,1,9.8,1
27,21.3,34,22.5,3,-0.58,1,6.3,1
38,22.1,38,12.6,1,-0.49,0,10.9,1
0,86.2,0,100.0,2,0.85,0,2.6,0
37,24.6,43,15.7,3,-0.33,1,7.5,1
38,19.3,41,1.7,0,-0.69,1,8.7,1
16,49.6,17,26.8,2,-0.27,1,6.1,1
4,82.9,13,72.1,1,1.0,0,2.7,1
5,82.4,9,82.1,1,0.83,0,5.7,1
35,35.2,36,14.8,1,-0.06,1,9.6,0
35,30.5,34,53.7,4,-0.55,0,5.2,1
38,8.6,45,9.6,4,-0.79,1,11.3,0
38,15.5,41,31.9,3,-0.63,0,5.3,1
19,46.4,21,40.0,0,0.04,2,4.4,0
21,33.1,26,37.6,2,-0.37,0,4.9,0
40,8.4,46,8.8,3,-1.0,1,11.4,1
16,53.9,20,52.2,3,0.17,0,9.1,0
35,21.9,41,20.0,2,-0.63,0,8.8,1
33,21.0,37,23.4,4,-0.78,1,7.9,1
18,48.6,22,49.0,2,0.42,0,4.7,1
31,51.5,30,18.3,4,0.54,1,8.5,1
5,77.0,14,72.6,0,0.79,0,1.6,0
22,32.9,19,35.9,2,-0.46,1,5.0,0
40,23.4,43,17.3,4,-0.34,0,10.2,1
3,84.0,0,66.4,2,-0.18,0,6.1,0
30,31.2,32,34.4,1,-0.45,2,4.3,1
10,67.0,10,33.1,0,0.47,0,1.3,1
29,44.9,32,28.6,2,-0.68,0,7.1,1
12,35.9,15,43.5,0,0.24,0,2.1,0
35,14.9,33,16.2,9,-1.0,1,7.2,1
23,62.6,25,63.1,2,0.27,1,2.6,0
36,33.8,44,8.3,7,0.15,0,9.0,1
35,10.9,32,7.1,2,-0.8,0,10.4,1
23,40.9,22,48.4,2,0.03,0,10.7,0
38,10.6,43,0.0,7,-0.94,2,8.2,1
35,35.0,37,45.3,0,-0.38,0,9.4,1
7,49.5,10,64.0,0,-0.04,0,5.9,0
13,64.5,19,62.3,2,0.75,0,2.3,1
13,68.9,12,44.5,1,-0.16,0,4.4,1
19,16.0,19,0.0,4,-0.47,0,6.7,0
24,20.7,23,45.8,4,-0.03,0,7.3,0
49,22.8,50,34.1,3,-0.49,2,11.8,1
22,37.5,29,58.7,1,0.01,1,5.9,0
27,40.7,22,39.8,3,-0.03,2,7.7,1
14,73.3,11,57.2,2,0.48,1,5.3,0
23,45.2,20,50.8,1,0.24,0,9.2,1
33,20.3,41,22.6,7,-0.69,2,5.8,0
9,59.0,9,56.7,4,-0.06,0,4.9,1
23,27.7,24,38.9,0,0.23,0,8.3,1
19,57.1,15,57.9,1,0.44,0,2.1,0
26,16.6,27,48.9,0,-0.02,0,4.1,1
24,57.7,29,56.2,2,0.2,0,5.8,0
27,35.5,30,28.9,2,-0.2,3,6.0,0
33,51.8,35,31.5,4,-0.43,0,5.6,1
22,45.5,18,8.5,2,-0.02,1,5.5,0
24,62.7,25,49.9,2,0.27,0,9.0,0
39,13.7,42,0.0,8,-0.95,0,8.5,1
33,44.4,31,43.3,1,-0.43,1,7.7,1
17,34.6,22,37.8,0,-0.03,0,7.1,1
6,68.0,12,72.6,1,0.36,0,0.5,0
11,64.0,11,71.2,2,0.4,0,6.7,1
28,29.3,33,38.9,2,-0.28,0,8.2,1
12,93.0,14,73.0,0,0.71,1,2.6,0
22,52.7,29,66.5,5,0.21,0,7.7,0
19,56.3,29,68.8,2,0.6,0,3.9,0
8,64.2,6,58.2,1,0.27,0,5.3,0
1,81.7,6,71.4,1,1.0,1,0.5,0
21,48.1,28,55.5,3,0.02,0,7.2,0
7,77.9,5,73.5,1,1.0,1,3.0,0
31,27.6,31,12.0,7,-0.58,1,8.4,0
5,55.7,5,76.5,5,0.06,2,1.6,0
24,33.3,25,66.8,2,0.47,0,4.5,0
17,47.8,18,62.9,2,0.27,0,4.8,0
35,40.1,36,51.1,1,0.13,0,4.9,0
7,72.3,12,96.6,0,0.78,0,3.3,0
20,69.0,14,74.2,2,0.96,0,7.9,0
22,51.5,20,53.2,1,0.1,0,2.4,1
19,57.5,24,38.9,1,0.29,0,7.1,1
43,18.5,47,0.0,5,-1.0,1,9.4,0
20,80.0,18,65.7,1,0.69,0,2.2,0
35,10.1,39,27.1,3,-0.3,0,8.7,1
13,72.6,20,68.9,2,0.86,1,3.1,0
14,80.7,16,42.0,0,0.75,0,3.8,0
20,56.6,18,47.5,1,-0.77,0,2.7,0
36,25.7,41,26.8,1,-0.57,0,10.9,1
39,3.5,48,4.1,1,-0.79,2,9.2,1
24,68.9,22,49.0,2,-0.01,0,6.7,1
14,40.9,16,51.3,3,-0.0,0,8.0,0
40,0.0,46,24.3,2,-0.45,1,5.9,1
21,42.1,23,63.6,3,0.07,1,7.2,1
36,0.0,31,8.8,4,-0.84,0,9.1,1
36,19.5,40,30.9,2,-0.77,1,9.7,1
16,75.8,14,50.0,1,0.58,0,3.8,1
32,8.8,29,19.7,2,-0.91,3,11.5,1
37,8.9,32,28.3,1,-0.53,2,6.3,0
20,36.1,27,50.9,0,0.44,1,7.8,1
8,44.8,7,22.8,1,0.01,0,5.6,1
28,50.9,31,44.9,0,-0.14,2,6.0,1
36,10.7,40,24.4,5,-0.49,1,6.8,1
25,47.1,28,39.1,0,-0.49,2,5.3,0
16,41.4,19,22.8,0,-0.34,0,7.0,1
25,52.3,29,24.1,3,-0.56,1,11.1,1
16,50.7,19,34.6,5,-0.12,0,9.8,0
3,80.1,2,97.1,1,0.85,0,3.0,0
28,19.1,27,25.3,5,-0.8,0,9.1,0
15,57.2,17,49.7,0,0.52,0,4.9,0
0,77.0,1,55.2,0,0.23,0,5.5,0
33,17.3,37,30.9,3,-0.46,2,9.2,1
34,40.6,40,30.9,2,-0.36,1,8.5,1
13,62.6,16,61.7,1,0.61,0,2.9,0
34,5.0,33,32.1,2,-0.46,0,7.8,0
32,11.3,25,17.5,2,-0.69,0,9.2,0
31,38.6,30,40.5,1,-0.4,1,6.2,1
10,70.3,7,80.7,1,0.99,0,1.7,0
22,20.4,21,0.9,3,-0.7,0,8.5,0
41,25.5,44,0.0,4,-0.4,5,8.6,1
27,30.7,29,60.7,0,0.2,1,7.9,1
9,83.2,18,83.8,1,0.19,0,3.8,1
12,46.8,16,35.4,1,0.15,1,5.6,0
19,54.4,29,27.1,1,-0.21,0,6.6,1
0,75.8,5,77.8,0,0.32,0,2.4,0
32,30.4,38,17.3,1,-0.03,2,0.5,1
10,64.1,11,49.0,2,0.38,0,3.0,0
28,31.8,26,22.4,2,-0.38,1,9.7,0
23,48.0,23,45.8,1,-0.22,1,3.8,0
7,65.9,9,80.2,0,0.63,0,4.9,0
18,61.4,17,64.9,2,-0.38,0,7.8,0
25,54.7,23,40.4,0,0.11,0,5.0,0
37,22.2,41,11.1,2,-0.62,1,6.9,1
37,16.1,35,26.0,2,-0.18,3,8.5,1
38,32.7,34,40.8,4,-0.61,1,8.4,1
5,79.5,3,69.2,3,0.81,0,3.5,0
27,32.5,28,42.4,1,-0.17,0,2.5,1
23,38.6,21,25.3,2,-0.19,2,5.4,1
15,64.8,16,58.3,2,0.4,0,2.1,1
25,33.4,29,18.1,4,-0.15,2,2.2,1
26,46.6,30,32.8,3,-0.5,1,6.2,0
29,51.4,28,35.2,2,-0.02,2,3.7,1
28,51.3,25,50.8,3,0.28,0,5.1,0
17,73.4,17,77.7,5,0.45,2,3.4,0
42,23.8,47,17.7,7,-0.58,1,9.3,1
1,88.6,7,53.2,0,0.87,0,1.4,0
9,63.3,12,47.9,2,0.08,1,1.7,1
33,42.1,40,33.8,1,-0.33,0,8.1,1
1,88.7,10,77.6,0,0.41,0,7.0,0
9,74.7,9,62.7,1,0.93,1,5.5,0
0,92.6,8,86.8,1,1.0,0,4.2,0
0,82.2,1,84.4,1,0.74,0,0.9,0
4,66.2,10,62.7,3,0.74,0,2.5,0
17,48.9,22,38.8,1,0.57,2,4.2,1
11,60.0,5,39.2,2,0.13,0,4.4,1
10,50.4,8,70.4,0,-0.08,0,0.9,1
47,22.6,44,11.3,5,-0.35,0,10.5,1
44,0.0,39,0.0,4,-0.79,1,8.6,1
26,22.9,32,19.5,2,-0.68,0,5.2,0
18,46.0,28,55.2,1,0.35,1,3.0,0
28,40.5,29,24.9,3,-0.35,0,9.7,1
38,4.5,43,2.1,7,0.16,1,9.9,1
28,21.7,36,36.1,1,-0.42,0,0.5,1
22,50.2,25,42.9,3,0.17,0,4.3,1
11,54.4,13,50.9,2,0.75,2,6.0,1
31,21.4,32,15.3,1,-0.01,1,7.4,0
25,53.9,29,47.8,2,0.49,0,6.2,0
17,57.9,22,58.3,5,-0.02,0,4.7,1
0,72.7,4,78.9,0,0.75,0,2.4,0
21,38.1,25,42.5,2,-0.58,0,5.7,1
6,67.7,8,67.4,0,0.48,1,2.2,0
3,72.2,0,79.5,5,0.5,0,4.7,0
37,27.6,43,18.2,4,-0.49,2,12.6,0
39,16.4,36,28.8,0,0.14,2,8.8,0
10,66.2,14,73.2,1,0.76,0,3.5,1
22,60.0,27,43.7,2,0.39,1,4.0,0
12,65.4,9,45.3,3,0.01,2,7.8,0
35,14.4,35,17.1,1,-0.07,0,7.3,1
8,67.4,18,52.0,1,0.66,1,3.8,0
12,63.2,14,60.2,4,0.66,0,5.9,1
35,16.8,32,25.5,4,-0.26,2,10.5,1
37,9.6,42,12.8,2,-0.5,0,11.1,1
4,73.9,3,79.9,0,0.13,2,5.0,0
39,30.9,33,5.9,4,-0.33,0,6.8,1
23,42.8,27,31.6,0,0.36,0,3.1,0
13,75.7,11,49.0,0,0.56,0,1.5,0
4,67.7,7,50.9,0,0.73,0,0.5,0
14,63.5,13,60.7,1,0.48,0,7.4,0
29,57.3,34,30.1,4,0.31,0,4.4,1
7,67.0,10,72.0,0,0.27,1,1.7,0
22,48.8,14,60.5,2,0.29,1,5.1,0
13,63.8,17,42.4,2,0.03,0,3.2,0
14,62.1,15,50.6,1,0.59,0,8.4,1
39,12.0,47,12.8,3,-0.77,1,9.7,1
18,46.6,22,57.7,2,-0.11,2,6.5,1
23,66.9,28,30.9,3,0.32,1,3.0,0
14,34.5,13,49.1,3,-0.09,1,2.3,1
25,35.6,24,16.9,3,-0.1,2,4.5,0
31,31.7,33,36.7,3,0.12,2,4.5,0
34,27.9,35,40.0,3,-0.29,1,6.4,0
11,38.5,18,86.9,1,-0.38,0,1.8,0
19,31.5,20,33.4,5,-0.04,0,7.0,1
37,0.0,34,0.0,7,-0.91,1,9.4,1
13,81.0,12,56.4,3,0.35,0,0.6,0
14,53.6,20,60.7,3,0.07,1,4.2,1
14,36.9,15,39.0,0,0.09,0,7.0,1
21,42.6,22,26.8,0,-0.27,1,8.9,0
14,70.8,20,45.8,3,0.58,1,0.5,0
20,46.2,18,49.5,2,-0.47,0,4.3,0
43,24.0,36,21.0,5,-0.75,1,5.5,0
21,50.7,20,25.1,1,-0.47,0,5.5,1
29,31.7,32,13.6,6,-0.41,0,11.2,1
19,44.3,20,32.8,4,0.24,0,5.1,0
31,27.8,27,19.8,4,-0.1,1,6.3,1
7,80.7,13,63.4,1,0.36,0,0.9,0
20,27.7,23,46.7,4,-0.21,1,9.7,0
37,5.6,41,8.4,4,-0.98,0,5.1,1
14,67.7,18,29.4,1,0.34,0,4.0,0
13,79.3,10,74.9,1,0.34,1,1.9,0
25,70.7,28,67.6,0,0.05,0,0.5,0
33,9.9,39,11.0,5,-0.17,1,10.0,1
20,36.3,27,41.3,4,0.45,2,2.0,1
35,6.7,40,3.2,5,-0.75,1,8.6,1
34,6.7,38,16.1,4,-0.78,1,9.9,1
21,42.7,16,47.7,3,-0.23,0,3.4,0
29,36.7,31,36.1,1,-0.75,0,3.2,1
2,98.9,0,74.5,2,0.25,0,1.6,0
36,34.0,43,10.6,6,-0.35,0,6.1,1
22,47.8,29,59.9,2,-0.08,1,7.6,0
23,41.4,21,56.7,3,0.31,1,6.3,0
32,13.3,34,19.0,1,-0.4,1,11.6,1
21,34.2,24,46.2,3,0.33,0,6.1,0
24,16.6,30,43.2,3,0.0,0,8.5,1
11,67.9,6,64.1,1,0.4,0,2.8,0
26,49.9,19,62.2,3,-0.28,0,9.3,0
29,18.1,31,61.2,3,-0.96,2,7.9,1
30,36.0,22,31.1,2,0.2,1,7.0,1
27,40.6,30,17.4,2,-0.71,1,9.2,1
36,45.9,40,13.0,4,-0.86,1,6.8,1
25,51.8,32,15.0,4,0.02,1,5.1,1
18,39.4,18,53.8,1,-0.53,0,7.5,0
31,34.1,34,21.0,3,-0.37,2,9.5,0
18,76.5,23,70.0,0,0.3,0,5.2,0
15,27.0,12,57.4,1,0.32,2,5.6,0
21,52.3,27,22.4,3,0.08,1,7.4,1
26,32.3,29,24.5,3,0.17,1,8.7,1
41,23.6,41,48.3,1,-0.29,1,5.6,1
6,66.9,9,65.7,2,0.31,0,3.2,0
6,85.3,7,69.6,3,0.51,0,0.5,0
13,54.8,18,49.7,1,0.3,0,5.2,0
0,80.5,1,77.0,0,1.0,0,0.5,0
25,46.1,28,56.7,1,-0.17,0,5.0,0
11,64.9,11,67.4,1,0.44,0,3.8,0
40,10.3,38,8.3,9,-0.4,1,11.5,1
9,53.1,12,72.3,3,0.33,0,9.5,0
22,53.1,20,60.4,3,-0.2,0,2.8,0
44,21.0,49,13.8,2,-0.55,2,8.1,1
25,49.7,29,70.8,1,-0.25,1,7.0,1
10,85.4,9,73.6,0,0.89,0,0.5,0
35,35.3,38,37.7,3,-0.27,0,9.8,1
11,77.0,10,59.8,2,0.37,0,3.1,0
29,52.3,25,35.0,5,-0.38,1,9.9,1
7,83.3,7,64.2,3,1.0,0,2.6,0
12,50.5,14,54.0,1,-0.05,0,6.4,1
29,20.7,33,56.8,3,0.06,1,5.8,1
7,75.6,10,85.2,0,0.56,0,6.2,0
42,20.2,48,27.9,1,0.06,1,5.0,1
24,51.5,22,34.5,2,-0.23,1,4.4,1
9,56.8,9,62.5,1,0.3,3,1.1,0
31,25.9,40,1.1,5,-0.24,0,11.1,1
40,0.0,34,18.5,4,-0.35,1,11.2,1
24,34.0,24,57.8,3,0.36,1,3.0,0
23,40.4,21,37.2,1,-0.4,1,8.4,1
33,21.7,34,48.4,4,-0.31,2,6.3,1
25,25.0,25,53.7,1,-0.17,1,7.6,1
44,3.2,48,10.8,1,-1.0,2,11.2,0
25,16.1,28,29.2,4,-0.26,0,7.9,0
39,28.9,36,20.2,3,-0.59,1,9.6,1
17,38.4,17,38.8,1,-0.4,2,5.8,1
29,34.6,31,24.8,5,-0.6,1,7.2,1
18,50.3,23,41.8,3,0.63,0,4.9,0
16,68.0,28,53.4,1,0.13,0,0.8,1
7,87.9,12,49.2,0,0.48,0,2.6,0
36,22.0,34,26.3,3,-0.85,0,7.0,1
21,53.9,23,61.1,2,0.56,1,8.0,0
17,65.2,20,63.2,0,0.08,0,0.8,1
12,84.6,12,43.0,0,0.41,0,4.6,0
40,17.9,44,10.2,4,-0.78,0,9.1,1
35,50.1,28,18.1,4,-0.19,0,7.7,1
16,40.2,20,48.5,0,0.51,0,1.7,0
19,60.0,19,76.3,0,0.18,1,3.5,0
5,88.2,7,50.8,1,1.0,0,0.5,0
11,63.0,19,49.9,1,0.2,1,8.2,0
23,36.7,20,53.5,2,-0.28,0,4.5,1
14,54.0,17,54.9,1,0.16,0,5.9,0
39,19.3,44,1.2,4,-0.98,0,12.1,1
12,63.3,15,91.3,0,0.22,1,5.4,0
18,45.2,14,63.8,1,0.62,0,2.8,0
34,29.7,41,31.2,6,-0.83,0,12.3,1
8,48.4,9,47.3,2,-0.07,0,10.2,1
13,79.3,13,77.9,0,0.48,0,2.8,0
22,34.5,23,56.4,1,-0.38,0,5.2,1
21,39.6,21,61.3,4,0.24,1,4.8,1
8,75.2,5,39.3,1,0.88,0,4.9,0
23,24.9,26,38.4,2,0.29,1,6.6,1
24,21.0,24,34.1,0,-0.63,2,7.3,1
0,77.2,5,73.7,0,0.46,1,0.5,0
30,22.6,34,33.4,1,0.1,2,8.5,1
14,62.0,23,66.3,1,0.41,0,5.9,0
29,59.6,30,73.3,0,-0.23,0,6.7,1
33,42.3,32,42.9,3,0.02,0,6.7,0
32,39.9,28,51.4,3,-0.15,1,6.7,1
16,60.0,27,37.0,2,0.38,1,2.0,0
14,65.0,19,49.1,0,-0.29,0,2.8,1
19,57.1,18,45.1,2,0.17,0,4.0,0
21,27.7,30,54.3,7,0.19,2,7.7,1
23,28.7,30,25.3,4,-0.32,0,5.3,0
22,41.0,19,40.2,3,0.58,3,2.9,0
43,12.5,42,0.0,3,-1.0,0,11.0,1
19,55.7,20,83.5,1,0.15,1,4.2,1
30,2.9,28,14.7,2,-0.12,0,7.4,1
29,29.5,31,33.5,4,-0.71,1,9.4,1
0,68.2,5,59.0,1,0.79,0,3.4,1
30,19.5,27,40.0,5,-0.15,1,7.2,1
25,35.9,28,18.5,1,-0.04,2,5.6,1
31,14.6,38,12.7,4,-0.5,0,8.9,1
31,37.3,35,20.8,3,-0.57,0,8.6,1
8,76.7,10,76.6,0,0.8,0,2.7,0
24,53.5,23,33.3,2,-0.02,1,6.2,1
25,22.6,30,43.8,4,-0.83,1,6.8,1
16,51.3,13,58.3,1,0.56,1,3.8,1
13,86.8,16,56.0,1,0.24,0,3.1,0
43,3.8,45,30.9,2,-0.98,0,6.9,0
20,60.4,27,40.2,2,-0.12,0,3.6,1
10,91.6,10,63.8,2,0.4,1,2.5,0
26,54.9,26,55.4,1,-0.03,1,7.7,1
37,11.7,34,0.0,6,-1.0,0,5.2,1
38,40.0,42,33.1,3,-0.29,0,7.4,0
21,56.2,21,47.5,1,0.73,0,4.9,0
47,2.0,46,0.0,2,-0.77,0,12.1,1
6,78.7,5,100.0,1,0.4,0,5.4,0
21,65.9,25,61.3,0,0.32,0,2.5,0
11,52.2,9,69.7,1,0.44,1,8.1,0
40,41.4,38,31.9,5,-0.92,0,8.5,1
26,37.9,32,47.7,5,-0.36,0,7.6,1
25,53.9,26,48.2,2,-0.29,0,2.8,1
25,22.0,31,30.8,6,-0.16,1,7.9,1
12,75.4,13,89.3,1,1.0,0,4.5,1
33,25.7,35,46.4,2,-0.55,1,5.5,1
14,40.1,17,43.0,1,0.4,0,0.5,1
24,38.5,32,24.9,2,-0.29,0,6.9,1
19,40.8,26,21.5,2,-0.72,0,7.2,0
11,70.9,18,74.6,0,0.95,0,6.3,0
14,58.6,13,64.7,4,0.84,1,4.0,0
31,25.1,29,31.6,0,-0.29,0,6.7,1
34,48.6,39,29.7,1,0.26,0,2.9,1
13,89.0,21,85.6,0,0.82,0,0.7,1
21,27.5,28,46.9,2,-0.31,2,12.7,1
18,68.3,20,58.7,2,0.43,0,1.2,0
27,55.6,32,64.6,2,0.16,1,3.5,0
11,55.9,16,44.9,1,0.93,0,3.7,0
19,47.7,22,59.8,3,0.06,0,8.9,1
23,42.0,26,32.6,0,0.09,1,7.2,1
21,19.5,23,45.0,2,-0.27,0,10.3,0
18,38.4,17,48.1,1,0.27,0,5.4,1
3,99.1,2,100.0,1,1.0,0,0.5,1
36,8.1,35,23.5,2,-0.27,2,8.0,1
5,85.6,1,63.5,3,0.85,0,2.7,0
15,46.8,18,42.4,4,0.41,3,5.3,0
19,72.4,21,45.4,4,0.52,0,4.9,0
34,23.7,39,22.7,4,0.4,2,8.8,1
31,26.2,38,42.2,1,-0.89,2,6.5,0
34,29.1,41,51.3,1,0.03,2,4.9,0
27,21.6,35,9.0,2,-1.0,0,5.4,0
30,44.8,29,30.2,4,-0.02,1,7.9,0
10,71.7,6,64.0,1,0.65,0,3.8,1
38,30.7,44,9.9,3,-0.71,1,10.9,1
4,61.3,12,75.6,1,-0.15,0,5.8,0
41,34.7,49,44.1,0,-0.38,1,5.5,1
29,5.1,33,24.7,2,-0.6,1,9.4,1
47,0.6,41,29.3,8,-0.71,0,9.0,1
37,18.4,40,6.5,7,-0.83,0,6.2,1
39,19.9,43,17.0,10,-0.88,1,8.0,1
24,55.8,31,43.0,5,0.21,0,8.0,0
5,94.8,13,85.6,0,0.71,0,0.5,0
22,48.3,28,41.3,4,0.12,1,5.0,0
24,62.7,24,56.8,5,0.04,0,5.6,1
28,41.0,26,65.8,1,-0.34,0,6.9,0
26,44.0,30,35.6,3,-0.3,3,7.2,1
32,65.6,31,33.8,3,0.16,0,6.1,1
26,37.7,34,22.9,4,0.41,0,1.8,1
17,36.0,12,56.0,3,0.45,2,6.3,0
18,31.7,22,61.0,2,-0.26,0,6.4,0
4,74.2,7,74.1,0,1.0,0,4.0,0
20,50.4,21,10.3,2,-0.74,1,3.9,0
16,53.0,14,74.9,1,0.18,0,4.5,1
25,31.5,19,41.5,6,0.06,0,8.7,1
11,51.1,11,56.8,0,0.73,0,3.4,0
15,53.6,15,49.1,1,1.0,0,3.7,0
0,96.4,6,83.0,1,1.0,2,0.5,0
39,4.8,38,13.7,4,-0.91,1,9.6,1
31,45.4,35,29.0,5,-0.28,0,10.6,1
42,16.8,39,1.8,3,-0.7,0,7.0,1
26,47.7,30,36.5,3,-0.34,0,6.5,1
39,2.6,32,0.0,7,-0.92,1,11.0,1
35,11.2,45,40.8,0,0.03,2,10.4,0
17,47.2,18,63.6,2,0.44,2,4.5,0
29,7.0,20,13.2,1,0.08,0,10.6,1
23,49.5,22,24.1,2,-0.43,0,6.4,1
41,9.0,39,15.4,9,-0.83,2,9.8,1
11,83.6,10,64.1,3,0.77,1,2.9,1
31,27.1,32,19.3,5,-0.2,1,9.4,1
33,27.8,32,15.4,3,-0.35,1,8.7,0
15,39.0,14,35.7,6,0.37,2,3.1,1
35,13.8,32,12.1,4,-0.52,0,10.2,1
40,5.5,45,4.0,5,-1.0,3,11.2,1
35,44.3,42,63.3,5,0.01,0,10.0,1
28,28.6,29,40.9,2,0.12,0,5.0,1
23,47.2,25,24.9,3,-0.0,1,7.5,1
20,81.7,17,43.2,2,-0.1,0,3.1,1
1,88.7,3,86.0,1,0.83,0,1.8,0
24,72.6,27,56.4,0,0.57,0,1.7,0
6,77.9,7,84.1,1,0.34,0,3.0,0
0,100.0,4,81.4,2,1.0,1,2.5,0
12,68.3,15,37.2,2,0.65,0,1.9,1
7,80.4,5,57.1,0,0.67,2,5.7,0
26,29.1,33,19.7,2,-0.34,0,4.6,1
50,7.8,51,20.0,3,-0.6,0,10.3,1
14,52.3,23,48.2,0,0.43,0,0.5,0
15,76.3,19,62.0,0,0.03,0,3.4,1
10,55.5,20,45.9,1,0.33,0,4.7,0
12,68.2,19,57.4,3,0.37,1,5.7,0
8,88.1,11,83.7,2,1.0,0,1.5,0
25,32.4,24,39.4,1,-0.28,1,7.9,1
19,34.5,18,40.4,3,0.32,2,7.7,1
12,55.2,16,49.8,0,-0.02,2,5.9,0
18,70.4,21,80.8,2,0.37,0,6.4,0
40,2.4,40,2.8,8,-0.26,1,7.8,1
14,53.3,19,71.3,2,0.24,0,3.3,0
24,60.8,26,31.7,0,-0.31,1,2.0,0
21,53.0,26,58.6,1,0.27,0,1.5,0
14,35.8,12,33.6,3,0.62,0,4.5,0
17,60.4,23,63.2,1,0.2,0,5.7,1
31,39.3,35,35.0,2,-0.24,1,7.1,1
29,20.5,36,33.9,7,0.05,1,5.7,1
14,64.8,20,43.5,1,-0.4,2,5.7,0
30,21.4,32,33.1,1,-0.33,0,6.3,0
21,49.6,22,34.4,0,-0.12,2,1.8,1
11,50.8,20,36.1,1,0.48,0,3.1,0
29,38.2,30,21.5,4,-0.07,0,8.7,1
28,29.3,33,25.2,6,-0.48,1,8.8,1
17,50.9,17,53.2,3,0.19,0,4.1,0
12,55.6,7,61.6,2,1.0,0,5.4,0
38,10.9,35,17.4,3,-0.99,1,11.7,1
16,41.1,20,35.2,7,-0.53,2,8.9,1
36,18.7,41,0.1,4,-0.27,2,9.8,0
23,54.9,27,44.2,1,0.21,0,2.6,1
43,0.0,50,17.1,6,-0.68,3,7.3,1
26,33.0,30,36.0,2,0.48,0,4.7,0
35,29.5,34,15.5,5,-0.9,2,6.3,1
30,14.8,34,10.9,5,-0.58,2,8.8,1
32,49.1,35,47.5,3,-0.43,2,10.1,1
34,42.1,34,36.8,2,0.03,0,6.8,1
39,10.9,43,21.4,2,-0.87,2,9.4,1
31,66.2,33,61.8,1,-0.15,0,6.9,1
22,22.1,22,33.5,4,0.1,1,5.0,0
26,19.6,27,36.3,6,-0.41,1,10.2,1
7,81.9,15,67.3,0,0.17,0,5.2,1
27,52.3,35,35.3,1,-0.6,0,7.3,1
26,84.5,29,32.0,3,0.43,0,8.3,0
28,31.7,30,17.8,2,-0.81,1,9.8,1
35,16.9,31,0.6,5,-0.66,1,9.7,1
15,58.9,24,44.1,3,0.53,0,5.1,0
33,48.4,39,35.0,4,-0.01,0,6.2,1
35,32.2,40,29.3,2,-0.54,2,7.5,1
31,32.0,24,24.9,3,-0.41,0,8.3,0
4,67.6,6,51.3,1,0.03,2,3.4,1
26,32.9,27,34.5,4,-0.34,0,7.5,1
28,43.0,33,71.0,0,0.06,0,2.8,0
18,58.5,18,54.1,1,0.06,0,3.0,0
19,46.5,20,40.9,2,0.34,0,2.1,0
11,75.4,15,74.2,0,0.35,0,2.1,0
35,23.4,34,38.7,4,-0.47,0,6.7,0
34,17.0,34,13.8,5,-0.85,1,8.4,1
14,59.1,17,37.6,1,0.22,0,5.9,0
16,52.9,23,31.5,1,0.54,0,3.5,1
35,21.9,40,27.7,2,-0.41,1,7.8,1
14,48.8,20,59.7,1,0.07,1,2.8,1
15,43.3,17,62.5,3,0.04,0,8.0,0
9,45.0,17,53.8,1,0.2,0,6.2,0
25,60.5,20,36.9,1,0.56,0,7.9,1
26,21.3,36,15.8,5,-1.0,1,11.7,1
42,20.6,53,5.7,2,-0.21,3,7.4,0
10,61.5,14,41.5,0,0.26,0,2.5,1
47,5.3,52,14.9,3,-0.57,0,6.0,1
0,82.9,2,89.8,1,1.0,0,0.5,1
21,26.4,22,53.8,0,-0.07,1,6.8,0
40,19.6,40,20.3,4,-0.02,0,4.4,1
18,74.3,20,47.6,1,0.09,1,1.3,0
10,64.7,14,55.8,0,0.65,0,4.1,1
23,56.7,27,35.6,2,-0.1,1,8.2,0
17,58.1,27,37.5,0,-0.12,1,4.5,0
22,63.4,24,45.5,2,0.58,2,6.4,0
34,27.9,30,6.5,4,-0.29,1,12.2,1
2,87.3,11,78.9,2,0.69,0,0.5,0
2,63.9,0,72.7,2,0.81,0,5.5,0
11,71.4,11,76.6,0,0.39,0,4.8,1
14,62.6,17,69.0,0,0.41,0,5.9,0
25,22.2,29,47.4,1,-0.36,0,8.8,1
39,23.9,35,2.8,4,-0.72,1,8.7,1
33,1.3,32,9.3,5,-0.88,1,9.5,1
18,52.3,14,61.4,2,0.11,1,2.8,1
45,5.3,49,0.0,2,-0.42,1,8.4,1
11,67.8,18,48.6,1,0.29,3,4.8,1
39,32.0,36,31.9,2,0.02,0,9.5,0
21,52.9,27,42.4,6,0.06,0,7.3,0
27,51.1,33,33.1,5,0.26,1,9.9,0
28,25.9,27,21.2,6,-0.13,1,7.3,1
17,74.9,11,51.0,1,0.63,1,7.5,1
8,81.7,6,83.1,0,1.0,0,3.3,0
2,71.4,2,87.1,0,0.26,0,0.5,0
35,24.5,43,22.7,6,-0.39,0,8.0,1
25,43.5,27,55.6,2,-0.03,0,6.2,0
34,41.6,32,45.7,4,0.01,0,4.4,1
12,51.8,15,74.9,0,0.4,0,1.3,0
26,23.1,23,5.8,4,-0.74,0,6.7,1
20,48.5,24,79.8,0,0.06,0,3.0,0
30,2.5,28,28.9,1,-0.35,0,6.2,1
31,44.2,30,12.0,1,0.34,0,8.2,0
27,42.6,31,67.2,5,-0.03,0,0.5,0
25,27.1,34,33.8,2,-0.31,1,7.3,0
29,8.0,40,32.1,3,-0.34,0,7.7,1
28,18.6,26,18.3,3,-0.7,0,6.1,1
13,61.9,13,65.3,2,0.34,0,3.5,1
39,13.0,43,7.7,5,-0.47,0,8.2,1
46,13.0,53,1.7,4,-0.42,2,9.8,1
17,79.5,10,55.3,1,0.1,2,5.0,1
17,62.9,19,51.0,1,0.27,0,5.7,0
43,39.3,43,21.3,5,-0.0,1,6.6,0
22,52.7,16,49.5,4,-0.43,1,3.4,1
13,37.5,10,48.3,3,0.44,1,6.0,1
22,36.7,22,35.2,4,-0.41,2,6.1,1
24,67.2,26,61.4,2,0.49,0,3.6,0
28,29.4,34,30.8,2,-0.31,0,7.7,1
33,18.0,36,12.2,6,-0.29,0,7.3,1
20,50.7,26,64.5,4,0.49,2,6.6,0
29,13.1,31,37.5,1,-0.42,0,12.9,1
40,0.0,39,21.2,3,-0.66,3,12.2,1
19,49.9,20,65.9,3,0.34,0,7.4,0
14,64.9,19,51.6,3,0.11,0,5.3,0
20,56.5,26,23.1,3,0.16,0,5.1,0
33,37.1,34,10.5,4,-0.47,0,9.1,0
23,31.0,21,45.6,1,-0.53,0,7.5,1
29,6.7,32,14.4,5,-0.5,1,10.9,1
19,41.2,23,28.9,4,-0.0,0,7.1,0
43,26.4,50,2.5,10,0.01,1,4.6,1
21,56.1,20,58.5,3,0.81,0,1.2,0
49,0.0,48,0.0,5,-0.6,0,11.3,1
6,74.1,11,58.5,0,0.4,1,0.8,0
20,65.0,20,57.0,3,-0.01,0,6.9,0
22,27.3,22,23.1,3,0.09,1,9.5,1
8,71.0,15,46.2,3,0.47,1,3.8,0
11,60.9,8,60.3,1,0.36,0,6.6,0
34,17.5,44,43.7,2,-0.48,0,7.6,0
15,58.5,15,58.9,0,0.34,2,3.6,0
19,33.4,24,58.2,0,0.13,2,6.4,1
22,38.8,24,24.3,7,-0.65,1,4.7,1
9,84.4,12,58.3,2,0.08,0,0.5,0
4,94.4,5,53.2,0,0.89,1,0.5,0
6,65.2,11,55.2,0,0.61,0,0.7,0
36,17.5,37,25.1,8,-0.36,1,12.8,1
16,53.4,16,47.1,1,0.86,0,1.1,1
18,44.7,27,37.3,1,-0.03,0,2.3,0
22,40.2,24,41.6,3,-0.63,0,5.0,1
27,30.5,26,38.7,0,-0.4,1,6.1,0
31,0.0,27,28.1,5,-0.84,2,9.7,1
13,48.5,22,56.2,4,0.07,0,4.4,0
17,42.5,17,40.5,1,0.37,1,4.5,0
26,46.0,36,46.6,3,0.12,0,4.2,0
17,55.4,21,46.3,1,-0.04,0,5.3,1
30,37.4,33,25.2,5,0.04,1,7.2,1
35,30.3,38,28.9,4,-0.17,6,7.6,0
20,25.5,31,14.1,4,-0.37,1,11.5,1
26,36.7,19,26.5,3,-0.01,0,6.9,0
29,53.5,32,49.6,3,-0.4,0,5.3,0
14,71.5,15,81.2,4,0.8,1,0.5,0
17,35.4,18,48.2,1,-0.18,1,7.4,0
15,68.3,18,70.4,2,0.11,0,0.5,1
3,63.3,4,73.2,1,0.57,0,3.6,1
36,17.6,39,22.7,7,-0.13,1,8.5,1
33,23.9,35,0.0,5,-0.86,2,10.7,1
21,56.0,18,34.9,2,0.18,0,4.4,0
25,35.3,29,22.8,1,0.03,1,7.2,0
13,78.0,18,66.6,1,0.41,1,5.3,1
12,65.0,12,67.9,0,0.07,0,2.5,1
13,59.9,22,67.6,2,0.36,1,5.3,0
14,38.8,21,62.4,2,-0.29,1,6.5,1
18,73.5,23,56.7,1,0.17,1,4.2,0
36,26.9,41,6.3,0,-0.91,1,12.0,1
14,62.8,16,41.7,1,-0.02,3,7.0,1
27,67.4,34,34.4,2,-0.37,0,2.6,1
22,31.2,30,49.5,0,0.0,1,8.1,0
39,0.4,44,8.2,6,-0.37,1,8.2,1
32,5.4,32,30.9,2,0.11,1,8.8,0
25,52.3,27,49.0,3,-0.42,0,6.8,1
31,45.5,35,27.9,4,-0.33,0,1.4,0
29,30.9,34,39.8,3,-0.08,1,8.9,1
33,22.6,35,16.7,2,-0.01,3,6.7,1
33,23.4,33,26.7,4,-0.64,1,7.4,0
22,52.0,30,46.3,3,-0.03,1,4.6,0
18,65.4,16,64.3,4,0.31,0,6.2,0
24,57.9,22,35.6,3,-0.32,0,3.0,0
43,17.8,40,0.0,1,-0.59,2,12.0,1
4,75.4,2,81.4,0,1.0,0,0.5,0
4,88.1,11,67.4,0,0.58,0,3.1,1
15,66.1,22,55.3,1,-0.1,0,5.9,0
15,41.5,17,42.5,2,0.61,3,6.6,0
8,77.7,12,71.2,2,0.48,1,4.3,1
23,34.2,25,24.3,0,-0.3,1,8.1,1
4,71.0,1,65.5,1,0.08,0,2.5,0
25,62.9,36,42.7,1,-0.06,0,1.9,0
10,80.1,17,66.0,1,0.54,1,2.6,0
37,18.2,40,20.7,2,0.08,1,5.2,1
18,71.0,17,47.5,1,-0.04,1,2.2,0
36,12.4,37,0.0,6,-0.65,1,12.7,1
3,79.7,2,63.1,1,0.05,0,0.5,0
41,8.7,43,19.9,6,-1.0,0,12.4,1
30,37.3,33,49.7,1,0.03,0,3.0,0
15,69.7,16,65.2,0,0.81,0,0.7,0
34,35.5,30,25.2,2,-1.0,1,6.1,1
2,72.0,13,71.2,0,1.0,0,0.6,0
16,42.7,19,47.0,1,0.04,0,7.4,1
14,47.9,18,53.3,2,0.59,1,6.2,1
16,77.7,16,54.8,0,0.79,0,2.6,0
48,27.9,44,11.1,4,-0.51,2,15.3,1
20,30.8,22,28.2,1,0.77,2,5.2,1
26,63.1,27,40.0,4,-0.45,0,7.2,1
22,62.8,27,44.1,1,0.39,0,2.9,0
35,16.2,41,24.0,5,-1.0,1,8.2,1
26,33.3,31,6.3,4,-0.19,0,5.7,0
25,44.1,31,61.8,1,0.2,2,7.8,0
30,23.8,39,1.0,2,-0.17,0,9.7,0
20,33.5,24,27.2,1,-0.14,1,8.7,1
21,33.3,27,42.6,1,-0.44,0,5.0,0
26,63.5,30,56.2,4,0.17,0,6.4,0
23,47.8,17,56.4,2,0.15,1,4.6,0
19,57.4,20,60.8,6,0.0,0,6.0,0
9,65.0,8,55.4,2,0.73,1,1.6,0
11,52.5,14,53.8,2,0.53,1,2.0,0
19,72.2,18,46.0,4,0.42,0,6.2,1
17,41.2,21,41.5,1,0.03,1,7.1,1
19,40.4,25,25.6,7,0.45,0,4.0,1
31,30.4,38,30.2,4,-0.28,1,8.6,1
38,1.5,46,7.3,6,-0.88,0,12.4,1
14,60.9,9,70.4,3,0.02,0,3.5,0
12,66.4,9,45.8,2,-0.19,0,0.9,0
10,68.3,24,54.6,3,-0.0,0,1.0,0
42,0.0,48,15.4,4,-0.91,1,9.5,1
36,19.5,39,28.6,4,-0.68,0,7.2,0
16,47.1,18,45.0,4,-0.59,2,6.4,0
33,39.3,35,43.6,3,-0.23,1,6.5,1
11,64.8,5,71.4,1,0.63,0,2.7,1
31,49.7,30,54.8,0,-0.1,1,8.5,0
37,22.5,39,23.5,2,-0.48,0,6.8,1
7,80.8,6,53.8,2,0.53,0,5.8,0
4,86.0,4,77.3,2,0.48,1,4.7,1
21,51.5,33,29.7,3,0.05,2,8.4,0
9,76.4,10,64.3,1,0.49,0,2.0,0
16,64.1,19,65.0,2,0.4,0,3.6,0
37,10.1,40,0.3,6,-0.45,1,11.2,1
33,28.3,37,22.9,1,-0.08,0,7.2,1
0,43.8,0,67.5,0,0.4,0,2.3,0
9,74.8,16,57.3,1,0.41,0,2.0,1
29,47.1,33,53.8,3,-0.11,0,4.7,0
29,37.7,26,16.0,4,-0.95,2,5.4,1
28,24.8,30,12.6,4,-0.09,0,13.9,1
9,71.1,10,83.8,1,0.23,2,0.5,0
11,24.0,12,17.3,1,0.1,0,4.8,1
5,57.3,9,64.9,1,0.55,0,4.5,0
17,42.7,22,86.0,1,0.92,0,2.1,0
8,66.6,12,63.8,2,0.67,0,2.7,0
17,43.0,20,64.1,0,0.4,0,6.1,1
7,44.0,9,57.9,4,0.0,0,7.2,1
1,74.4,0,67.0,2,0.19,0,2.6,0
34,28.8,39,29.6,4,-0.22,0,9.2,1
7,68.6,11,52.9,0,0.27,0,0.5,0
0,100.0,0,70.9,2,0.62,0,1.0,0
40,3.2,43,6.2,1,-1.0,2,11.6,1
34,11.9,39,24.2,3,-0.75,1,12.4,1
15,40.3,22,74.0,1,0.22,2,3.8,0
0,67.4,4,68.6,2,0.69,0,1.0,0
34,19.5,37,27.6,2,-0.58,2,9.3,0
16,76.6,22,74.0,2,0.51,0,4.0,0
33,30.1,34,35.6,1,-0.48,1,6.1,1
24,69.5,28,47.1,3,0.86,1,2.9,0
14,41.2,14,42.0,3,0.1,1,4.9,0
31,32.3,37,22.3,3,-0.55,2,8.9,1
18,62.3,14,54.5,3,0.42,1,4.5,1
26,48.7,31,32.6,0,0.19,0,9.3,0
33,35.6,35,28.8,7,-0.73,0,8.2,1
38,3.9,44,0.0,6,-1.0,0,11.5,1
2,56.6,1,55.2,4,-0.11,1,5.3,1
28,21.3,30,62.1,0,-0.18,0,5.1,0
21,48.8,23,45.2,4,0.11,0,7.0,0
28,30.9,32,41.0,0,-1.0,1,6.3,1
25,53.6,23,44.1,2,-0.13,0,4.9,1
20,45.6,25,43.2,1,-0.03,2,5.0,0
27,49.1,22,31.8,2,-0.19,0,8.2,1
3,72.1,2,68.0,1,0.87,0,3.8,0
21,46.8,17,27.2,0,0.32,0,3.4,1
20,36.8,25,49.7,3,0.46,0,4.5,1
14,40.6,18,75.2,0,0.48,0,5.4,0
14,78.6,18,74.1,2,0.67,0,0.5,0
9,74.0,17,73.6,1,0.29,0,5.1,1
10,73.8,11,61.8,0,0.3,1,3.0,0
39,14.3,43,31.4,4,-1.0,1,6.6,1
31,20.9,33,19.8,3,-0.48,2,6.2,1
34,0.0,36,20.0,3,-0.51,0,9.7,1
20,57.5,27,31.9,3,0.46,1,5.6,0
4,66.7,14,55.7,1,0.54,1,2.2,0
27,27.8,27,41.0,2,0.18,1,6.5,0
24,32.9,29,42.9,4,0.08,1,5.0,0
31,33.8,34,45.6,5,-0.5,0,6.4,1
38,37.7,41,0.0,4,-0.71,0,11.7,1
7,69.4,10,57.8,0,0.77,0,6.4,0
18,40.5,19,42.1,5,-0.39,0,6.4,1
11,56.9,0,55.1,2,0.43,0,4.3,0
0,75.2,8,87.0,1,0.89,0,2.8,0
7,77.9,6,51.4,2,0.63,0,0.5,0
22,20.0,23,19.7,1,-0.51,2,6.2,1
17,41.5,18,38.8,1,-0.36,3,1.7,0
26,54.0,25,53.6,0,0.28,0,6.3,0
12,64.3,15,53.0,0,0.67,0,7.2,0
20,55.2,22,20.2,1,-0.2,2,8.0,0
24,29.4,23,32.7,1,-0.67,0,7.5,1
20,37.8,23,42.9,2,0.23,0,6.5,0
44,6.8,46,15.1,1,-0.41,2,9.9,1
17,55.7,23,46.1,2,0.26,0,7.2,1
22,68.1,19,67.5,2,0.26,1,4.6,1
23,45.6,22,45.9,3,0.26,1,6.4,1
13,69.8,18,77.4,1,0.59,0,1.6,1
22,29.3,21,30.1,5,-0.34,1,8.6,1
10,55.3,8,41.6,0,0.76,0,3.4,0
25,28.3,25,39.4,5,-0.3,0,7.1,0
27,14.9,29,30.9,6,-0.51,2,9.5,1
28,47.5,30,34.4,5,-0.23,2,4.4,0
15,40.3,16,40.5,0,0.42,0,3.5,0
29,59.5,27,41.2,5,0.25,1,4.8,0
25,33.7,30,50.0,5,0.29,1,5.3,1
23,67.1,30,50.9,3,-0.24,0,2.6,0
29,16.0,23,32.2,1,-0.14,0,5.3,1
27,44.0,23,66.7,3,0.6,0,3.6,0
6,86.7,12,55.3,0,0.42,0,4.6,1
33,29.5,41,35.9,3,-0.72,1,9.3,1
31,22.2,24,36.4,5,-1.0,0,8.8,0
12,52.8,17,65.5,1,0.64,0,0.5,1
17,51.6,26,60.9,3,0.62,0,7.7,0
28,49.9,27,33.5,5,-0.03,0,6.2,0
33,28.6,41,32.5,3,-0.6,2,10.9,0
27,29.3,28,21.2,4,-0.34,0,9.2,0
16,68.7,19,57.1,2,0.53,0,3.2,0
32,22.3,31,29.1,3,-0.2,1,11.2,1
34,33.1,40,23.5,3,-0.68,1,8.9,1
12,63.6,17,60.3,0,0.53,0,3.0,0
40,20.7,49,0.0,5,-0.85,2,8.2,1
19,37.2,27,41.8,3,-0.61,0,8.3,1
10,56.5,12,61.9,3,0.81,0,1.9,1
17,54.0,31,32.6,3,0.34,0,3.8,0
0,94.1,7,78.6,0,1.0,0,0.5,0
27,45.0,31,34.2,3,-0.25,0,4.9,1
17,44.2,15,56.8,1,0.16,2,4.7,0
24,47.3,20,29.7,3,0.16,0,10.3,0
19,50.8,15,57.9,0,0.7,1,7.1,0
16,50.4,14,63.7,2,0.35,1,5.9,1
18,49.5,26,43.8,3,0.32,1,3.9,1
31,39.0,35,27.2,5,-0.76,0,6.6,1
13,59.5,13,74.2,1,0.23,0,4.0,0
14,61.4,15,66.0,0,0.06,0,7.1,0
17,33.6,18,50.3,1,-0.17,3,6.2,1
41,41.3,46,23.7,1,0.26,2,9.1,1
6,68.8,4,80.3,0,0.39,0,2.9,0
5,68.7,8,63.7,2,-0.19,0,1.7,0
9,85.5,12,36.6,1,0.62,0,4.3,0
42,25.8,41,12.5,2,-0.81,2,6.9,1
18,66.1,26,33.0,3,0.34,1,7.8,0
7,56.6,8,59.9,0,0.03,0,2.6,0
33,43.3,31,19.7,4,-0.4,2,6.2,1
28,30.0,33,33.8,4,0.02,0,9.3,0
17,65.5,19,59.0,2,-0.02,1,2.7,0
24,71.6,28,33.5,3,0.09,0,4.9,0
28,33.2,25,28.1,4,-0.11,1,1.7,1
37,39.9,42,45.0,3,-0.33,0,5.9,1
29,5.4,40,27.4,1,-0.61,2,10.6,0
13,65.3,10,42.5,1,0.26,0,3.5,1
2,78.8,5,66.5,0,1.0,0,2.7,0
30,63.2,29,73.4,6,0.73,0,5.1,0
25,40.5,38,53.7,1,1.0,1,6.8,1
31,47.3,38,40.6,0,0.07,0,4.9,0
26,23.0,29,18.9,6,-0.38,3,7.2,1
22,47.5,19,40.5,3,0.03,0,3.6,0
20,40.7,18,59.1,6,-0.16,3,6.3,1
6,64.1,11,68.6,3,0.07,2,2.4,1
37,26.4,34,41.3,2,-0.34,0,9.6,1
12,55.8,9,61.1,2,0.75,0,2.6,1
28,40.8,30,18.4,1,-0.72,1,6.5,1
19,49.2,22,48.1,0,0.03,0,3.0,0
28,15.1,32,3.3,4,-0.78,2,9.1,1
17,60.9,17,56.9,1,0.39,1,8.6,0
21,52.9,27,49.4,3,0.53,1,0.5,1
37,13.5,36,14.8,5,-0.94,2,9.4,1
28,25.5,33,22.6,4,-0.35,4,10.3,1
16,54.1,19,39.0,0,0.14,1,4.3,1
19,33.3,23,55.3,1,0.11,1,6.0,0
40,0.4,47,0.0,3,-0.74,1,12.0,1
16,51.4,16,38.5,2,0.09,1,4.3,0
27,32.0,26,47.7,5,0.69,1,5.3,1
26,13.0,21,24.1,3,-0.13,1,9.6,0
34,37.7,28,23.9,3,-0.49,1,8.8,1
16,58.1,17,50.4,2,0.59,0,4.7,1
23,41.4,25,46.5,2,-0.03,0,7.8,0
28,19.9,26,27.3,5,-0.39,2,9.9,1
26,36.8,25,25.0,1,-0.26,0,6.9,1
38,38.9,46,23.3,5,-0.33,1,7.9,1
27,33.2,33,31.5,1,-0.57,0,8.1,1
31,20.0,28,18.3,3,-1.0,1,8.3,1
44,3.1,44,10.0,3,-0.64,3,12.2,1
27,31.6,31,27.4,2,-0.38,0,5.5,1
15,74.2,14,59.8,2,0.66,0,3.8,0
19,57.5,18,42.3,1,-0.26,1,7.5,1
25,65.5,26,40.0,0,-0.17,1,3.1,1
22,43.5,28,51.7,4,0.14,0,8.2,0
27,50.7,34,41.8,2,0.03,1,5.8,1
25,25.6,24,29.9,3,-0.08,0,10.3,1
28,12.9,32,4.5,1,-0.3,0,8.8,1
30,30.5,32,38.9,1,0.54,0,5.8,1
5,79.6,3,63.6,1,1.0,0,2.4,0
45,21.8,46,9.8,1,-0.37,1,9.0,1
28,45.1,25,58.3,1,-0.07,1,11.6,1
28,50.4,35,38.2,1,-0.25,0,7.0,0
15,72.8,23,90.0,0,0.28,0,1.9,0
15,53.2,15,52.8,3,0.11,2,5.6,0
15,38.2,14,52.4,5,0.54,2,6.6,1
23,43.2,29,32.0,2,-0.88,0,4.7,1
48,9.8,55,21.0,9,-0.82,3,10.0,1
5,77.3,3,71.4,3,-0.02,0,1.8,0
40,11.9,41,16.4,2,-0.63,1,7.4,1
26,53.9,28,44.4,6,-0.0,0,7.8,0
46,0.0,45,14.8,3,-0.39,1,9.1,1
19,76.3,23,60.5,2,0.47,2,2.5,1
19,54.5,18,51.2,3,0.63,0,4.6,0
46,12.0,46,16.0,0,-0.38,0,9.2,1
34,7.7,36,47.4,3,-0.43,0,8.0,1
19,44.3,15,31.1,1,0.4,0,2.6,1
37,17.1,31,17.1,3,-1.0,1,8.4,0
39,1.2,45,0.8,5,-1.0,2,7.5,1
25,46.2,24,52.2,2,-0.49,1,4.9,1
17,57.6,28,50.0,2,0.66,0,3.2,0
12,56.1,22,47.9,3,-0.08,0,3.9,0
10,70.2,10,62.6,2,-0.21,0,4.9,0
23,34.1,34,20.2,3,0.13,0,9.9,0
28,40.7,34,58.8,1,-0.24,2,8.2,0
21,80.6,20,49.6,1,0.34,1,2.7,0
37,23.3,29,18.3,3,-0.66,1,9.4,1
12,56.6,17,41.9,2,0.18,0,4.4,1
6,83.4,8,41.4,2,1.0,2,3.0,1
28,52.9,32,36.6,6,0.42,2,9.1,1
35,20.0,36,4.1,3,-0.53,3,13.7,1
48,5.9,45,0.0,3,-0.87,1,7.8,1
38,34.7,38,25.5,5,-0.05,0,10.8,0
20,41.5,25,14.2,2,-0.17,1,6.0,1
27,19.9,28,40.9,3,0.17,0,5.8,1
32,42.5,33,34.9,3,0.03,0,7.3,1
36,26.5,32,0.0,6,-0.34,0,11.0,0
21,21.4,23,18.6,1,-0.13,1,8.6,0
32,16.5,30,23.0,3,-0.72,1,9.8,1
32,0.0,38,0.6,1,-0.67,0,11.1,1
23,31.8,22,53.2,2,-0.19,1,7.5,0
14,79.1,15,68.1,0,0.22,0,4.6,0
20,26.9,31,8.8,5,-1.0,0,10.6,1
14,35.9,15,56.5,1,0.47,0,3.1,0
33,26.8,33,40.7,4,-0.06,1,3.9,1
12,76.3,16,53.3,1,0.83,0,7.1,0
15,58.7,10,55.6,3,0.04,2,2.1,0
19,61.6,26,60.2,1,0.22,1,4.5,0
31,27.2,37,5.5,3,-0.63,1,8.5,0
37,3.1,41,21.2,1,-0.41,2,8.1,1
26,37.9,14,24.2,0,-0.32,2,5.2,1
38,15.7,39,17.2,4,-0.65,3,9.7,0
17,50.1,14,65.8,1,-0.05,0,4.8,0
29,19.3,35,3.1,1,-0.46,0,8.5,1
24,45.7,30,44.4,2,0.2,0,6.1,0
18,44.6,22,53.3,2,0.18,0,4.5,0
1,75.7,0,71.5,0,0.11,0,2.1,0
32,41.8,40,23.3,4,-0.46,1,9.8,0
24,48.9,25,28.1,2,0.02,0,5.1,1
23,57.2,32,54.5,0,0.53,1,4.4,1
21,32.1,24,29.0,3,-0.48,0,9.0,1
34,45.9,38,44.2,0,0.03,0,6.5,1
33,29.6,33,34.0,0,-0.48,1,6.5,1
18,47.4,26,43.6,2,0.02,1,4.3,0
16,67.7,20,58.9,2,-0.18,0,7.8,0
25,28.4,33,41.7,2,-0.16,0,6.4,1
0,62.8,3,91.3,0,0.67,0,2.4,0
29,57.8,31,66.9,1,0.51,1,2.7,1
31,20.0,35,34.0,7,-0.72,0,9.0,0
34,25.5,42,35.5,4,-0.39,2,6.1,1
36,5.7,42,45.9,2,-0.58,2,7.4,1
37,22.0,40,31.4,6,-0.3,2,6.3,1
1,89.9,0,79.4,0,0.78,0,3.4,0
18,66.8,23,51.4,1,0.29,0,7.4,0
32,50.4,28,18.6,4,-0.55,1,5.1,1
8,64.3,10,91.3,1,0.51,1,0.5,0
43,1.3,45,7.3,3,-0.37,2,10.7,1
22,26.9,18,50.0,3,-0.13,0,5.6,1
9,85.2,12,82.2,0,0.79,0,4.1,1
17,71.9,28,71.2,2,0.87,0,2.6,0
30,22.9,31,12.6,7,-0.25,2,9.7,1
35,28.8,40,21.0,1,-0.82,0,5.3,0
27,33.0,38,0.0,4,-0.29,0,8.4,1
28,24.9,33,32.7,1,0.11,0,2.8,1
18,59.3,17,60.8,2,0.36,0,6.8,1
29,23.0,32,20.7,4,-0.39,2,8.2,1
27,21.7,31,24.8,1,-0.74,1,8.1,1
28,40.3,36,29.1,2,-0.42,1,7.6,1
19,47.0,26,63.0,1,0.16,0,1.9,0
35,37.8,26,32.9,1,-0.64,1,9.8,1
33,33.6,32,55.2,0,0.01,2,7.8,1
10,81.6,12,61.8,0,0.58,0,4.4,0
33,18.3,31,17.8,6,-1.0,1,7.6,1
29,15.5,16,17.8,5,-0.63,1,8.8,1
30,52.8,29,71.7,1,0.02,0,2.9,1
29,24.7,31,22.1,4,-0.57,1,8.9,1
27,41.8,27,60.2,1,0.24,0,5.0,0
19,65.9,17,47.4,0,0.41,0,14.8,0
14,52.9,16,74.1,2,-0.1,1,5.7,1
18,50.2,21,42.5,2,-0.48,0,8.8,0
16,33.3,16,57.7,3,0.04,1,4.9,1
28,28.3,35,13.3,1,-0.31,1,8.5,1
21,37.7,23,42.3,4,0.2,0,8.3,1
25,68.5,24,38.2,3,0.72,1,2.9,1
17,55.3,15,56.7,2,0.8,0,3.3,0
15,61.0,16,33.7,2,0.09,0,6.8,0
40,0.0,46,8.8,3,-0.49,1,9.4,1
24,45.5,23,59.5,3,0.22,0,4.1,0
4,70.3,8,80.9,2,0.42,0,1.0,0
21,82.2,23,39.5,1,-0.29,0,2.2,0
29,12.5,39,0.0,6,-0.53,1,4.9,1
13,76.4,17,77.4,1,0.23,0,0.5,0
19,53.3,18,68.2,3,-0.1,2,5.3,0
11,52.6,16,53.1,0,0.32,2,4.7,0
28,22.6,33,51.5,2,-0.31,1,12.9,1
1,80.0,1,71.6,0,1.0,0,2.5,0
14,46.9,11,20.0,2,0.03,0,3.3,0
15,28.4,19,29.9,1,-0.02,0,5.2,0
35,20.8,37,34.2,1,-1.0,1,9.5,1
22,47.4,18,36.7,0,-0.04,0,8.9,0
2,76.2,5,84.2,2,0.57,0,5.1,0
9,75.6,8,45.5,1,0.24,0,5.1,0
19,37.3,15,46.0,2,0.4,2,6.0,0
22,54.9,23,39.9,3,-0.42,3,7.8,0
44,0.1,51,0.0,7,-1.0,1,8.6,1
35,45.6,42,23.4,4,-0.41,2,3.7,1
34,34.3,40,28.1,3,-0.41,1,11.4,1
37,15.7,40,36.3,2,-0.03,0,6.9,0
19,44.6,23,37.7,5,-0.06,1,8.1,1
25,27.3,27,33.0,3,0.02,0,1.9,0
41,11.4,39,28.7,5,-0.51,0,12.4,0
8,55.3,6,51.6,5,0.52,0,5.6,0
31,53.7,31,13.6,1,-0.27,1,3.7,0
33,19.9,41,36.0,1,-0.3,1,7.6,1
35,52.5,41,23.4,2,-0.24,1,7.4,1
36,25.1,34,23.2,3,-0.33,0,5.2,1
43,5.8,45,6.9,3,-0.51,2,10.3,1
36,27.9,36,6.3,4,-0.63,1,11.5,1
35,18.2,36,0.4,5,-0.49,0,9.5,1
28,30.7,28,22.8,6,-0.54,0,4.4,1
18,26.2,26,44.6,1,0.27,1,4.6,0
23,54.0,25,55.3,1,-0.03,2,4.2,0
26,49.8,29,49.1,2,0.14,2,5.4,0
26,22.4,29,27.5,1,-0.36,1,6.6,0
35,28.5,33,42.9,1,0.08,0,6.7,1
20,39.3,22,34.9,3,0.23,0,2.6,1
23,27.2,29,0.0,2,-0.41,0,9.7,1
31,53.0,39,39.9,2,0.32,0,8.0,1
7,60.9,4,69.5,2,0.36,0,4.9,1
18,44.8,14,42.1,0,0.41,0,6.1,1
23,73.8,25,58.1,3,-0.19,1,5.3,1
31,27.5,37,19.9,3,-0.17,2,6.2,0
25,47.5,28,54.7,4,-0.18,0,3.5,1
14,64.2,19,85.0,0,0.51,0,6.6,1
10,71.8,7,70.8,0,0.64,0,2.7,1
11,60.0,11,53.3,1,0.58,0,1.1,0
34,35.1,27,23.1,5,-0.63,1,8.1,1
12,55.6,13,68.2,1,1.0,0,1.1,0
33,50.7,26,42.5,3,-0.53,0,7.1,1
0,93.3,7,100.0,1,0.91,0,2.1,0
18,51.7,26,50.2,3,0.19,1,4.4,0
26,27.7,29,14.8,4,-0.31,0,6.5,0
6,81.0,2,59.0,1,0.4,2,4.4,0
18,42.6,22,51.5,2,0.27,1,4.9,1
41,27.2,50,0.0,7,-1.0,1,6.9,0
23,49.7,27,46.1,1,0.78,0,7.3,0
20,49.6,27,44.7,1,-0.01,1,3.2,1
5,63.8,5,74.6,1,0.64,0,0.5,0
34,8.3,33,42.3,3,-0.75,1,11.5,1
30,51.7,32,40.3,3,-0.31,1,8.5,1
34,52.9,28,5.5,3,-0.75,0,6.8,1
31,10.0,42,3.9,6,-0.45,0,6.8,1
27,32.0,30,30.1,3,-0.57,0,6.0,1
14,68.2,19,63.4,2,0.23,0,2.8,0
25,53.0,25,60.1,3,-0.33,0,8.7,0
2,98.3,0,83.4,2,0.78,0,5.1,0
41,30.1,49,25.2,2,-0.66,1,9.7,1
11,57.7,9,54.1,3,0.34,0,5.6,0
13,81.9,16,85.5,2,0.47,1,2.1,0
34,34.2,38,15.6,4,-0.25,1,6.2,1
1,76.8,3,84.3,1,0.51,0,0.5,0
24,25.0,23,30.5,3,-0.18,2,7.7,1
12,52.1,13,39.4,2,0.29,1,6.1,0
13,76.2,11,68.3,1,-0.07,0,2.8,0
18,64.5,23,65.8,4,0.76,1,7.6,1
32,12.8,36,9.2,5,-0.5,1,8.6,1
21,36.0,23,50.3,1,-0.2,1,7.5,1
27,53.7,27,19.5,2,0.03,1,5.9,0
16,44.4,26,43.7,1,0.98,0,6.6,0
36,14.0,33,15.7,4,-0.25,2,9.9,1
14,84.3,10,56.1,1,0.53,1,3.8,0
2,83.2,4,67.8,0,0.57,0,2.2,0
17,47.4,18,57.0,2,0.14,1,2.1,0
56,5.4,62,0.0,2,-1.0,4,6.1,1
13,85.8,18,67.1,1,0.57,0,1.5,0
28,5.2,30,32.3,1,-0.12,0,7.2,1
24,38.4,28,26.6,2,0.01,2,8.0,0
0,69.3,4,67.6,1,0.81,1,2.6,0
38,8.0,48,15.3,3,-0.61,0,7.3,1
44,10.9,47,0.0,5,-0.61,0,4.0,1
19,44.3,18,52.3,0,0.26,1,7.0,0
0,82.4,3,98.6,1,0.17,0,2.2,0
21,33.8,13,47.9,3,-0.08,1,8.5,0
22,40.8,24,52.2,2,0.76,1,5.4,0
21,32.2,27,36.5,3,-0.05,2,8.1,0
24,41.5,28,42.3,0,-0.68,0,4.5,0
29,41.7,32,44.0,1,-0.51,0,7.2,1
30,41.6,35,9.7,7,-0.67,0,7.1,0
22,49.1,28,42.6,3,-0.08,0,6.8,0
39,9.1,47,27.3,2,-0.93,1,9.7,1
2,61.7,6,48.1,1,0.73,0,4.7,0
26,32.7,27,29.0,4,-0.2,1,8.7,1
1,88.7,0,83.5,1,0.96,0,1.3,0
23,50.9,29,35.1,2,0.61,2,6.6,0
18,47.5,22,70.6,0,0.47,0,0.5,1
24,34.4,27,31.4,1,-0.06,1,5.2,0
26,26.6,25,34.7,2,0.36,0,10.7,1
18,24.8,24,40.0,3,-0.07,0,5.9,1
24,45.9,25,52.0,0,0.29,0,5.3,0
21,51.3,23,41.6,4,-0.27,0,9.0,0
27,64.3,29,64.5,0,0.31,0,3.6,0
10,72.5,14,45.1,0,0.09,0,2.4,1
25,45.1,22,56.5,3,0.84,0,6.7,0
16,62.8,20,52.6,3,-0.0,0,3.1,1
9,41.6,8,70.0,1,0.63,0,3.8,0
24,39.3,23,49.3,1,0.14,1,2.2,1
35,17.0,41,34.1,3,-0.87,1,7.7,0
27,47.2,25,53.1,4,0.11,2,8.5,0
23,56.7,29,45.8,2,0.09,1,4.3,0
31,47.2,33,28.4,1,-0.57,1,4.3,1
18,55.8,13,52.5,2,0.44,0,3.4,0
33,12.7,40,2.4,1,-0.74,2,7.2,1
10,47.5,13,36.5,0,0.23,2,4.1,1
19,53.1,23,55.1,2,-0.03,0,4.4,1
32,46.6,38,10.1,3,-0.63,0,11.2,1
23,29.1,31,10.7,1,-0.8,2,8.8,1
7,74.7,10,72.8,0,0.98,0,0.5,0
18,50.8,22,44.8,2,0.27,1,5.3,0
27,23.2,30,32.8,4,-0.4,1,8.3,1
5,96.2,6,72.5,1,0.58,0,4.9,0
4,90.3,0,64.0,1,0.75,1,2.0,0
25,61.1,28,66.9,2,0.08,1,4.1,0
32,29.6,40,35.7,6,-0.59,1,11.6,1
31,41.1,35,19.0,1,0.36,2,4.6,0
42,10.1,40,7.9,3,-0.62,1,12.0,1
23,21.8,29,15.9,5,-0.59,1,8.2,1
31,26.8,32,24.4,1,-0.66,3,6.1,1
16,60.8,10,70.1,2,-0.39,0,4.1,0
10,66.1,16,63.7,2,0.27,0,6.4,0
24,40.7,22,26.9,1,-0.27,1,8.5,0
39,29.2,48,13.1,2,-0.68,2,10.8,1
43,20.3,50,24.8,5,-0.62,1,11.1,1
21,60.2,22,45.0,1,0.36,0,5.4,0
16,100.0,20,62.8,2,0.32,0,0.7,1
36,37.6,48,41.4,1,0.24,0,3.9,0
7,45.5,13,35.1,1,0.19,0,7.8,0
2,70.8,5,81.4,1,0.72,0,3.2,0
18,52.4,32,15.6,2,-0.38,0,7.1,1
26,30.5,28,38.1,1,0.06,0,9.8,0
12,52.3,16,37.4,0,0.95,1,2.2,1
11,73.7,9,46.5,0,0.1,1,0.5,1
23,38.7,18,54.7,3,-0.41,3,2.8,0
19,54.9,20,65.4,3,-0.02,0,3.7,1
23,39.9,25,41.4,7,-0.45,1,8.0,1
14,41.4,17,28.5,2,-0.08,0,8.4,1
21,33.7,17,33.1,0,-0.24,0,7.3,1
37,13.2,42,29.7,3,-0.41,3,2.9,0
30,34.6,29,35.8,4,0.11,2,13.4,1
22,39.9,26,25.7,1,-0.21,0,6.0,1
0,63.9,6,60.0,4,0.55,0,5.6,0
17,54.7,17,49.0,0,0.58,0,4.7,0
8,63.4,6,82.3,1,0.66,0,3.7,0
6,77.3,14,56.8,2,0.88,0,3.2,1
19,25.9,24,32.8,3,-0.17,0,5.0,1
0,71.1,3,74.4,0,0.73,0,0.5,0
37,0.0,45,18.6,7,-1.0,2,10.0,1
12,59.8,14,48.5,0,0.63,0,1.2,0
17,47.7,17,55.9,4,-0.27,1,9.4,1
36,41.6,34,4.0,5,-0.81,2,8.9,0
25,39.8,27,49.5,3,-0.11,2,11.0,0
32,48.4,37,25.6,2,0.55,1,4.7,0
27,27.7,35,16.7,4,-0.36,3,7.7,1
26,46.6,28,57.0,2,-0.13,1,7.8,0
33,20.1,40,32.8,1,-0.72,1,7.6,1
10,83.2,11,61.9,2,0.79,0,6.3,0
15,60.1,14,44.4,2,0.32,1,7.2,0
42,15.2,39,3.3,4,-0.8,0,11.8,1
20,56.2,20,64.0,0,0.29,0,8.1,1
25,56.8,22,56.0,0,0.05,2,6.7,0
30,22.5,40,17.5,1,-1.0,2,9.1,0
13,50.3,17,53.9,0,0.05,1,7.0,0
17,79.0,19,63.8,0,0.38,0,4.5,0
13,74.7,22,78.2,0,0.29,0,1.6,0
21,63.6,18,53.9,0,-0.18,0,4.0,0
41,19.1,42,18.0,3,-0.24,0,8.5,0
10,48.0,20,31.7,2,0.35,1,7.5,1
23,59.4,24,60.6,1,-0.09,1,5.4,0
22,60.5,34,59.0,2,0.53,1,4.7,0
3,69.1,8,65.8,0,0.81,1,2.1,0
35,58.9,42,57.0,0,-0.09,0,5.2,1
17,65.4,24,57.8,5,-0.08,0,2.2,1
12,42.4,14,43.9,2,0.06,0,7.8,0
24,41.2,24,53.9,1,0.58,1,3.9,1
14,58.7,16,60.0,0,0.23,0,5.0,1
35,38.3,33,33.4,2,0.0,2,6.7,1
14,50.9,16,60.9,0,0.42,1,5.1,0
16,55.3,18,72.5,4,0.42,3,4.6,0
28,55.4,37,37.4,1,0.04,2,3.6,0
38,0.0,42,30.5,1,-1.0,2,10.4,1
32,20.6,43,16.6,2,-0.8,1,7.3,1
12,70.7,5,65.6,1,0.46,1,4.2,0
9,82.8,6,87.5,1,1.0,0,5.0,1
16,61.5,17,46.7,3,0.14,0,3.6,0
1,80.6,9,86.4,2,0.87,0,1.5,0
12,56.3,14,66.2,3,0.31,0,2.7,0
30,2.1,26,11.3,3,-0.08,5,9.0,1
10,58.1,11,59.6,1,0.5,0,5.6,0
29,40.5,26,40.1,4,-0.46,0,9.1,0
9,64.0,5,44.2,2,-0.29,2,4.0,0
17,38.9,27,56.8,0,-0.52,0,8.4,1
3,74.4,4,52.7,2,0.66,0,6.8,0
5,47.8,8,59.0,2,0.44,0,4.5,0
33,19.9,35,21.8,3,-0.6,1,6.2,1
21,47.6,22,52.8,4,0.11,0,5.8,1
17,59.8,16,44.5,7,-0.19,1,4.8,0
15,63.9,16,53.6,4,0.29,0,9.3,0
10,61.7,13,67.7,1,0.31,1,3.7,1
36,12.9,44,15.9,5,-0.84,1,11.4,0
32,16.1,38,45.8,4,-0.55,0,8.4,1
36,20.1,33,16.6,4,-0.52,0,8.1,0
17,87.8,23,45.1,2,0.57,1,3.0,0
9,76.1,13,75.0,0,0.87,1,2.9,1
21,39.9,21,1.4,5,-0.03,2,9.6,1
20,40.3,23,58.3,5,-0.0,1,4.8,0
37,15.5,41,15.9,1,-0.71,2,11.2,1
32,24.3,34,0.0,5,-0.79,2,12.0,1
24,27.0,28,18.9,2,-0.82,1,6.3,1
12,62.8,11,42.4,0,0.45,0,6.1,1
30,48.5,40,56.8,1,-0.03,0,7.0,0
29,22.3,23,9.3,4,-0.04,1,9.8,1
30,31.4,34,35.2,3,-0.37,1,6.3,1
29,11.4,32,14.9,2,-0.34,2,8.6,1
34,37.0,39,26.6,4,-0.39,1,7.0,1
31,40.3,30,41.5,0,-0.37,0,11.0,1
24,48.7,31,55.2,2,0.3,1,5.4,1
32,30.7,34,50.5,1,-0.05,0,6.3,1
39,8.1,36,0.0,4,-0.75,1,7.9,1
34,14.5,32,18.1,2,-0.59,0,6.9,1
18,71.7,20,59.7,0,0.82,1,1.7,1
25,57.0,21,45.4,3,0.22,1,6.6,0
12,30.4,21,31.2,1,-0.7,2,3.4,1
22,73.3,28,43.6,3,0.07,0,3.9,1
26,31.5,35,25.4,1,0.02,0,3.7,0
17,69.5,26,65.3,0,0.15,0,6.5,1
23,40.6,24,45.5,3,-0.44,0,5.9,0
20,44.2,19,37.1,4,-0.31,1,8.0,1
6,78.8,0,74.3,1,0.93,0,0.5,0
24,40.2,24,34.7,3,-0.16,1,8.4,1
13,61.1,22,65.4,1,0.87,0,6.6,0
16,61.7,15,49.8,2,0.98,1,4.0,0
41,27.5,42,28.9,5,-1.0,1,7.4,1
31,34.5,31,27.5,3,-0.39,0,8.5,1
6,77.0,9,75.6,3,0.04,1,3.9,1
33,29.2,40,36.9,3,0.01,0,8.7,1
33,39.3,29,63.6,4,-0.16,1,7.1,1
33,27.8,30,35.2,3,-0.42,2,9.3,0
18,60.9,26,54.1,6,0.6,0,3.4,1
31,38.9,36,22.2,1,-0.68,1,9.2,1
13,74.7,14,72.6,0,0.01,0,2.7,1
19,51.8,28,45.7,4,-0.53,0,0.5,1
28,59.5,25,34.3,1,0.62,2,3.9,1
10,61.3,16,57.2,2,0.71,0,2.9,0
27,29.9,29,47.0,3,-0.04,1,6.2,1
25,35.7,29,25.9,1,-0.54,0,8.5,0
30,12.2,22,13.6,4,-0.4,0,9.6,1
11,55.3,12,61.2,1,1.0,0,7.7,0
9,59.9,14,61.3,1,0.39,0,2.7,0
8,82.0,10,91.0,2,0.43,0,0.5,0
18,44.0,25,36.5,3,0.6,0,5.4,0
28,16.7,35,46.8,6,-0.81,1,7.3,1
16,88.3,14,68.4,1,0.51,1,0.7,0
32,21.8,37,42.6,2,-0.95,0,6.2,1
37,30.1,35,31.7,3,-0.38,1,5.9,1
18,44.1,20,31.9,2,-0.14,0,3.4,0
32,19.0,37,12.4,4,-0.03,1,11.1,0
20,54.5,19,47.1,3,-0.04,0,5.0,0
23,27.4,28,47.2,5,0.06,2,6.3,1
11,75.3,11,49.0,0,0.51,0,6.5,0
15,72.2,15,45.2,0,0.34,0,3.9,1
29,25.0,34,17.7,2,-0.47,0,6.7,1
14,73.8,13,65.7,1,0.4,0,1.3,0
24,22.8,22,39.9,2,-0.38,1,6.8,1
2,81.7,8,67.6,0,0.62,0,0.5,0
28,42.2,30,16.3,3,-0.01,1,4.5,1
22,67.0,18,61.5,1,-0.28,0,3.8,0
21,56.4,26,53.9,4,0.37,2,8.9,0
20,58.0,20,40.5,1,0.09,0,8.3,0
22,48.2,18,23.3,2,-0.23,1,8.0,1
3,100.0,0,66.1,0,0.76,0,2.6,0
23,39.8,29,41.4,5,-0.31,1,5.5,1
31,23.1,30,21.7,5,-0.48,0,8.9,0
17,63.6,14,75.3,2,0.03,1,7.7,0
29,25.1,34,43.5,2,-0.13,2,7.5,1
4,72.8,9,70.3,1,0.58,2,2.1,0
22,41.2,21,31.8,1,0.36,1,4.2,0
21,52.4,27,46.2,4,0.73,0,4.1,0
12,56.3,22,47.7,1,0.04,1,5.7,1
15,81.2,22,58.8,1,0.56,1,1.5,0
21,62.5,28,50.8,1,-0.35,1,6.1,0
25,28.8,28,38.9,1,0.02,0,7.9,0
11,91.8,11,47.0,1,0.57,1,3.8,0
16,59.0,18,64.0,2,0.28,0,2.4,0
22,54.6,26,49.5,0,0.11,1,4.9,1
38,0.6,35,20.1,2,-0.8,0,8.1,1
14,51.8,13,63.7,2,1.0,0,4.4,0
14,53.2,10,31.1,1,-0.04,1,4.9,1
44,8.4,47,21.4,2,-0.76,2,12.7,1
42,4.1,44,1.2,3,-1.0,2,11.0,0
33,34.1,32,48.2,5,-0.03,3,4.2,1
44,0.0,49,0.0,6,-0.87,3,7.5,1
20,45.0,18,60.7,3,0.16,1,8.3,1
40,33.8,39,7.8,3,-0.29,0,8.4,1
29,45.4,34,63.2,0,-0.26,0,6.4,1
24,43.2,30,30.6,1,-0.22,0,8.3,0
34,36.3,33,32.2,5,-1.0,1,8.4,1
33,27.5,36,33.5,2,-0.23,2,4.2,1
23,28.1,22,44.3,1,-0.36,0,4.5,0
12,81.8,13,59.1,2,0.06,0,5.2,0
3,78.3,6,55.4,0,1.0,1,7.0,0
15,64.6,19,30.2,4,0.79,0,5.2,1
30,22.8,33,52.1,4,-1.0,0,7.6,1
10,58.0,13,63.2,1,0.51,0,3.2,0
8,70.8,6,28.9,1,0.27,0,3.5,0
41,10.4,45,11.6,5,-0.7,1,6.0,1
19,38.9,23,44.8,4,-0.38,0,6.7,0
3,49.5,8,49.2,3,0.2,0,5.4,0
29,39.1,28,25.9,3,0.1,4,10.5,1
4,56.4,10,58.0,0,0.62,0,6.3,0
23,42.7,20,64.1,9,0.62,1,9.0,1
23,71.5,23,56.7,0,0.24,0,7.8,0
4,100.0,5,93.4,0,0.35,0,4.9,1
19,85.0,16,75.5,5,0.73,0,3.8,0
34,27.9,35,17.5,2,-0.25,0,9.3,0
39,25.6,42,7.8,4,-0.18,1,4.5,0
15,54.5,10,49.4,3,0.0,0,5.1,0
21,29.0,21,29.9,2,-0.77,0,9.4,1
19,46.5,14,48.6,2,0.29,0,4.8,1
28,63.3,38,55.0,4,-0.15,1,2.3,0
38,0.0,41,28.8,6,-0.66,2,12.0,1
20,41.2,23,48.1,3,0.85,0,6.9,0
30,41.0,33,27.8,2,0.37,1,10.8,1
30,30.3,34,42.8,3,0.1,0,8.2,1
20,47.1,26,73.6,4,-0.1,0,8.2,0
22,77.2,18,49.4,1,0.37,0,5.4,0
33,34.9,40,24.4,3,-0.35,2,7.5,1
19,49.3,26,80.8,3,0.83,0,3.1,0
23,37.6,25,34.3,3,-0.01,0,4.4,0
19,36.5,21,55.4,3,-0.12,2,4.0,0
25,20.8,15,47.8,2,-0.17,0,10.5,0
24,36.6,21,30.7,2,-0.28,0,5.4,0
36,10.6,40,27.8,2,-0.96,2,9.7,0
29,47.0,36,29.5,8,-0.58,0,4.5,1
7,55.7,12,54.9,1,0.47,1,6.1,1
22,52.9,24,45.7,3,0.25,3,4.3,1
18,47.0,28,69.2,0,0.6,1,7.2,0
2,91.0,8,78.7,0,0.36,0,0.5,0
30,52.6,30,26.4,3,-0.7,0,9.9,0
14,48.8,25,49.1,2,0.42,0,6.5,1
26,50.1,24,27.0,3,-0.53,2,6.4,1
4,84.0,0,62.9,0,0.55,0,4.9,0
24,37.4,24,29.5,2,0.13,1,9.2,0
35,46.1,34,41.2,1,-0.23,0,7.3,1
43,17.5,44,17.7,2,-0.83,2,7.5,0
11,76.7,16,69.3,0,0.22,1,6.1,0
46,23.4,48,20.1,8,-0.65,1,9.1,1
4,83.6,6,68.2,3,0.94,0,2.4,0
25,35.7,27,25.5,2,-0.48,0,6.7,1
38,32.1,31,25.9,2,-0.53,0,8.3,0
11,38.6,7,44.1,1,0.42,1,3.9,1
27,35.5,27,31.4,6,0.4,0,4.2,1
40,33.4,39,7.4,4,-1.0,0,7.1,1
24,18.9,25,47.8,1,0.08,0,6.7,0
35,26.0,43,25.6,4,-0.53,1,3.5,0
22,47.4,24,40.1,4,-0.04,0,7.5,0
8,71.4,5,59.9,0,0.4,0,3.8,0
14,71.6,13,62.2,4,0.86,0,2.2,0
11,71.6,20,77.0,1,0.78,0,5.2,0
23,42.0,31,36.9,1,0.75,2,5.5,1
23,48.1,27,27.2,4,-0.38,0,6.7,1
45,13.8,41,31.6,6,-1.0,0,5.0,1
20,72.8,23,38.4,2,0.79,0,0.7,1
8,66.5,12,65.6,1,0.52,0,2.9,0
8,60.8,10,57.9,3,0.09,1,5.7,0
0,77.1,0,79.1,1,0.92,0,3.6,0
21,52.9,22,11.4,3,-0.45,0,5.8,1
10,76.7,9,70.2,0,0.65,0,3.8,0
25,37.7,22,47.6,2,-0.28,1,8.8,1
27,28.9,34,46.4,2,0.19,1,6.4,1
26,25.4,32,5.6,2,-0.01,1,8.5,0
28,41.2,29,48.5,2,-0.18,0,6.0,0
11,66.2,14,53.9,2,0.7,0,0.5,0
44,22.2,48,2.0,3,-0.17,2,8.2,0
29,11.1,40,28.8,0,-0.37,1,10.3,1
7,89.2,12,80.1,2,0.6,0,0.8,0
1,63.0,6,66.9,0,0.31,0,4.5,0
22,22.2,24,23.2,2,-0.5,0,5.4,1
15,47.5,15,67.6,2,0.39,0,3.8,1
32,31.8,40,34.8,4,-0.57,2,7.3,1
9,69.0,14,42.5,1,0.49,1,2.5,0
26,30.6,25,43.0,2,-0.59,1,6.7,1
34,11.8,38,24.2,6,-0.87,0,3.3,0
26,37.3,31,48.9,5,-0.49,0,8.5,0
4,63.0,0,77.2,2,0.65,0,2.5,0
48,21.0,46,42.4,2,-0.45,2,7.5,1
12,72.0,15,56.4,1,0.21,0,7.6,0
27,37.9,21,36.2,5,-0.78,1,5.2,0
28,31.9,23,36.2,7,0.6,1,6.7,1
11,90.8,12,65.6,2,0.96,0,0.9,0
41,19.5,45,29.5,2,-0.25,1,10.9,1
25,48.0,29,18.9,1,0.77,0,7.5,0
2,83.6,10,72.6,0,0.76,0,5.0,0
22,45.7,24,52.6,0,0.23,0,7.3,0
5,82.8,6,78.5,1,1.0,0,0.5,0
39,15.7,36,10.0,1,-0.11,2,11.9,1
32,17.4,32,33.9,1,-0.27,0,7.9,1
16,54.2,21,47.5,0,0.52,0,1.6,0
16,77.1,21,66.8,0,0.14,0,2.6,0
11,87.9,14,72.1,1,0.63,1,3.1,1
13,89.6,17,81.9,1,1.0,1,0.8,0
18,59.9,25,70.5,2,0.5,1,5.0,0
10,67.2,12,68.2,1,0.11,0,4.3,1
25,0.0,32,23.9,8,-0.84,2,10.2,1
25,28.4,24,25.1,3,0.01,0,9.6,0
36,0.0,38,8.0,5,-0.53,0,9.0,1
15,29.3,15,44.2,2,0.13,0,4.1,0
24,48.5,29,43.9,0,0.18,0,2.5,0
28,23.3,26,26.3,4,-0.57,2,8.5,1
14,52.5,15,55.1,2,0.11,0,3.6,0
24,52.7,19,25.7,2,-0.42,1,6.6,1
29,49.6,33,39.8,3,0.3,0,1.9,0
14,54.4,21,35.4,3,0.33,1,1.6,0
24,60.8,30,42.1,4,0.26,1,6.8,0
23,60.9,28,42.8,0,0.17,1,2.7,0
43,19.0,48,34.8,4,-0.27,1,9.1,1
40,9.9,45,32.8,3,-0.47,0,7.4,0
39,6.2,43,0.0,2,-0.49,1,7.9,1
24,11.4,29,26.8,4,-0.38,1,8.3,1
9,69.3,8,68.5,1,0.26,0,3.3,1
28,22.5,29,28.4,1,-0.33,1,8.4,1
27,35.0,29,34.2,2,0.03,0,4.5,1
15,56.0,16,46.2,2,0.39,0,3.3,0
29,22.6,25,62.6,0,0.38,3,8.5,1
29,18.8,26,24.7,3,-0.44,0,7.1,0
15,45.9,18,52.2,4,0.2,0,6.1,1
18,49.8,24,17.2,2,0.08,0,4.4,1
24,56.6,26,68.0,2,0.86,0,5.1,1
32,30.5,45,45.6,5,-0.15,2,2.3,1
26,40.6,24,32.4,2,0.18,1,8.0,0
21,22.8,25,29.1,2,-0.18,0,5.9,1
28,21.2,35,30.5,3,-0.48,0,5.6,1
37,6.6,43,8.5,5,-1.0,2,7.9,1
34,20.0,39,27.4,3,-0.87,0,7.9,1
13,62.5,19,54.6,3,0.42,0,4.0,0
34,22.1,36,39.3,0,-0.59,1,9.3,0
17,58.6,26,40.9,4,0.21,1,2.9,0
21,33.1,28,69.5,2,0.16,1,8.4,1
8,56.8,7,83.4,2,0.64,0,1.9,0
34,45.4,37,40.8,3,-0.38,1,6.2,1
22,34.9,18,16.8,6,-0.37,2,7.1,1
36,12.2,44,31.5,0,-0.44,1,9.9,1
27,51.7,30,53.5,1,-0.03,0,5.5,0
19,61.8,26,22.8,1,0.45,0,4.2,1
22,57.6,24,21.2,4,-0.11,2,5.9,1
25,52.7,20,51.7,2,0.19,0,7.9,1
11,69.1,24,53.7,3,0.06,0,6.6,0
25,26.9,28,30.7,2,0.19,0,7.4,1
17,44.4,15,55.2,5,0.43,0,6.3,1
7,53.4,14,43.0,4,-0.15,0,9.3,0
18,55.0,28,43.2,0,0.27,0,6.2,0
0,100.0,1,72.2,1,0.85,0,2.0,0
7,78.1,9,77.5,0,0.76,0,2.2,0
26,40.0,29,26.0,1,0.23,2,6.2,0
47,1.3,45,7.1,3,-1.0,0,3.4,1
18,71.9,17,31.7,5,0.46,1,6.9,0
19,67.0,28,54.6,1,0.71,0,1.6,0
36,25.7,37,28.7,5,-0.16,0,7.2,1
13,56.6,12,65.6,1,0.05,1,1.5,1
16,41.2,16,27.7,0,-0.15,0,5.2,0
31,35.4,37,49.1,2,-0.16,1,5.3,1
19,45.1,13,36.7,2,-0.66,1,8.2,0
36,19.4,39,45.7,1,-0.49,1,10.1,1
29,33.1,41,33.1,3,-0.51,0,10.8,0
16,41.2,26,9.3,2,0.16,0,5.9,0
15,29.7,19,69.5,4,-0.11,0,3.6,0
19,69.1,26,63.0,0,0.32,0,4.5,1
21,53.6,28,55.8,3,0.23,0,2.3,1
21,40.3,22,44.1,0,0.17,0,4.4,1
31,21.4,37,3.1,4,0.31,1,7.9,1
26,56.4,35,37.4,3,-0.05,0,6.6,1
33,26.3,30,28.3,3,-0.79,1,4.3,0
24,56.8,28,54.9,2,-0.02,1,7.2,0
42,18.3,45,5.4,0,-0.51,0,10.0,1
17,47.4,19,48.4,2,-0.54,0,8.3,1
33,33.4,35,15.3,0,-0.03,0,4.7,1
15,61.1,18,47.6,3,0.38,1,3.2,1
7,83.1,10,70.2,1,0.65,1,1.1,0
22,23.5,28,48.6,2,-0.44,0,5.3,0
34,54.7,38,28.0,1,0.03,1,7.2,0
13,89.6,14,84.3,1,0.41,0,4.6,0
18,49.0,17,47.8,2,0.09,0,6.0,1
31,12.7,31,26.2,3,-0.45,1,6.5,0
31,36.1,34,25.8,2,-0.94,1,12.7,1
19,28.7,18,42.4,2,-0.28,2,6.5,0
16,62.9,22,57.3,0,-0.08,1,2.8,1
34,27.4,38,16.3,2,-0.3,1,2.8,0
24,46.2,31,35.7,3,-0.34,2,8.5,0
26,23.3,25,37.1,5,0.05,4,8.2,0
9,72.3,8,75.8,2,0.59,0,0.8,0
15,41.7,22,54.5,3,0.13,1,5.3,0
18,44.0,21,20.0,3,-0.21,0,6.2,0
11,48.6,12,22.5,0,-0.03,0,1.6,1
7,73.9,12,47.8,1,-0.25,0,5.3,0
33,33.1,38,41.5,5,-0.15,2,6.3,1
17,57.6,14,59.2,0,-0.47,0,3.6,1
17,41.5,25,52.5,2,0.17,0,7.2,0
20,68.7,20,54.9,0,0.15,0,4.9,1
2,76.9,11,65.7,1,0.4,0,0.5,1
42,13.8,39,24.6,4,-0.6,2,10.6,1
35,33.5,38,12.4,8,-0.33,3,8.1,0
36,34.5,37,51.0,2,-0.96,1,7.8,1
5,69.7,0,85.8,1,0.32,0,2.5,0
11,67.1,16,82.7,3,0.42,1,4.0,0
22,39.5,16,50.4,1,-0.11,1,7.5,1
25,62.5,26,51.3,1,0.2,1,5.3,1
13,72.0,19,57.1,1,0.32,2,0.9,0
9,49.4,9,73.4,4,0.48,0,0.5,0
15,68.2,13,52.0,1,0.11,0,0.5,0
11,80.9,16,56.8,2,0.65,1,0.5,0
17,77.0,18,55.5,1,0.3,2,2.6,0
11,65.9,11,46.1,3,0.82,0,3.6,1
16,53.1,23,64.1,0,0.13,1,5.1,1
22,52.2,19,37.9,2,0.11,1,5.6,1
29,38.2,29,44.2,1,0.09,0,5.8,1
19,45.1,24,58.1,0,-0.01,0,7.8,1
9,57.5,6,82.2,0,0.36,0,0.5,0
10,73.8,19,58.2,0,0.45,0,5.1,0
37,38.5,38,36.7,2,-0.1,1,7.9,0
44,0.0,49,0.0,4,-0.28,1,8.0,1
31,42.0,36,49.4,3,0.1,1,7.7,1
13,76.6,14,76.6,0,0.67,0,4.5,0
10,81.5,10,45.1,1,0.8,0,3.0,0
15,35.2,17,63.2,3,-0.22,1,1.2,0
23,0.0,28,12.6,4,-0.88,0,10.5,1
33,40.0,31,41.2,2,-0.5,0,7.4,0
13,56.0,10,62.2,4,0.65,0,4.6,0
26,47.2,34,38.0,4,0.34,0,0.5,1
12,63.7,11,48.8,1,0.43,1,3.9,0
22,48.5,25,23.4,2,-0.22,0,4.0,1
38,42.2,39,29.6,1,0.05,1,10.8,1
24,71.8,25,52.7,0,0.19,1,2.2,0
25,50.9,33,15.8,7,-0.6,0,10.2,1
46,17.9,48,0.0,5,-0.83,1,12.4,1
32,42.0,33,10.3,4,-0.0,0,8.4,1
26,35.6,27,27.7,5,-0.45,2,9.3,0
22,51.2,22,66.4,4,-0.09,0,2.0,1
28,54.5,27,19.5,2,-0.33,0,6.2,1
20,62.9,20,70.5,0,0.61,0,5.9,0
35,35.5,44,20.5,3,-1.0,1,6.5,1
25,34.2,30,34.0,0,0.18,0,3.9,1
17,78.6,18,65.3,2,0.12,0,2.7,0
20,27.8,26,66.1,1,0.38,1,3.4,0
17,51.8,13,36.3,1,-0.36,1,8.5,1
29,45.0,37,63.3,1,-0.42,0,7.4,0
28,50.9,35,55.2,0,0.21,1,4.7,0
25,63.6,36,49.7,2,0.54,0,3.1,1
8,24.9,14,48.1,4,-0.21,1,7.7,0
42,18.0,46,6.9,3,-0.03,5,12.1,1
32,40.9,39,30.4,4,-0.67,1,8.4,1
27,59.4,26,27.5,1,-0.51,1,5.1,1
23,58.0,23,59.7,4,0.04,0,2.5,1
20,47.8,22,41.0,3,0.06,0,4.4,0
38,8.8,45,19.7,5,-0.44,0,9.2,1
27,50.7,26,38.7,2,-0.5,0,6.5,1
28,56.8,26,59.2,4,0.27,1,7.5,0
24,49.7,27,37.3,2,0.27,3,6.5,0
18,42.7,23,64.6,3,0.79,0,4.9,1
23,40.3,22,35.0,0,-0.05,0,6.5,1
16,75.7,21,39.8,0,0.64,0,0.5,0
44,16.1,51,2.9,7,-0.54,0,8.6,1
31,7.9,38,35.8,5,-0.39,1,5.9,0
27,52.2,30,43.1,2,-0.05,1,6.7,0
26,24.5,28,31.5,4,-0.73,0,4.5,1
24,75.5,33,59.2,0,0.4,0,4.3,1
39,25.1,41,22.0,4,-0.31,2,8.1,1
22,35.2,28,45.1,4,-0.13,0,7.8,0
28,67.2,38,34.7,0,0.04,0,2.2,0
0,75.4,5,66.6,1,0.09,0,3.9,0
13,83.1,11,67.4,2,0.69,0,1.1,0
29,25.8,26,7.2,5,-0.44,2,6.3,0
32,45.4,33,25.0,1,0.4,2,5.8,0
31,28.1,36,24.9,4,-0.75,0,9.9,1
24,36.7,28,32.3,3,-0.38,1,5.5,1
20,64.8,31,45.3,2,-0.33,0,2.1,0
8,61.7,12,56.3,1,0.79,0,1.7,0
11,72.1,12,54.8,3,0.83,0,2.9,0
7,63.3,4,63.4,0,1.0,0,6.7,0
12,37.9,19,58.9,1,0.46,0,5.3,0
28,39.6,30,50.3,2,0.07,1,5.3,1
22,53.0,18,20.0,2,0.23,0,5.2,0
22,34.8,24,41.3,3,-0.03,0,10.2,1
0,65.5,0,74.6,0,0.8,0,1.6,0
23,49.8,23,50.5,3,0.23,0,5.3,0
14,70.0,16,77.8,2,1.0,0,2.7,0
14,61.2,12,57.2,0,0.62,0,4.6,0
18,46.5,18,68.0,2,0.34,0,3.3,0
39,24.2,38,10.2,1,-0.35,0,9.8,1
33,41.2,32,34.2,3,-0.28,0,9.3,1
39,43.5,37,34.2,2,-0.05,0,7.9,1
49,13.3,49,21.4,4,-0.56,0,8.1,1
16,42.3,14,26.8,0,0.25,0,3.7,1
3,71.4,7,64.3,0,0.7,0,3.6,0
19,40.9,22,68.8,2,0.82,2,3.8,0
37,22.5,44,9.0,3,-0.52,1,7.0,1
28,47.5,38,34.5,7,-0.16,1,6.7,1
14,57.0,19,76.1,2,0.62,1,4.2,0
30,38.9,34,22.3,5,-0.33,2,6.7,1
5,88.5,10,84.7,1,0.95,0,0.5,0
19,43.4,23,37.9,2,-0.47,0,4.0,1
23,38.8,25,38.5,2,0.08,2,9.7,0
34,39.8,36,15.9,0,0.25,1,8.8,1
24,36.2,22,37.5,2,0.26,0,4.9,1
30,4.3,35,26.3,0,-0.01,1,10.5,1
15,63.9,17,68.9,2,0.69,0,3.3,1
10,72.9,18,56.8,1,0.34,0,8.0,1
33,42.6,39,25.0,4,-0.44,0,7.6,0
3,66.9,2,77.1,1,0.46,0,3.7,0
10,55.4,17,71.6,0,-0.05,0,6.2,0
43,16.9,35,14.3,3,-0.56,4,13.2,1
27,39.5,37,60.0,8,0.33,1,5.7,0
4,57.1,1,75.0,1,0.74,0,5.8,1
34,48.2,38,40.1,2,0.04,0,5.8,1
49,8.6,53,18.3,2,-0.67,2,9.1,1
8,79.3,14,82.4,0,0.69,1,3.4,1
32,27.2,33,53.7,0,-0.72,0,8.3,0
12,41.4,5,27.2,2,0.04,1,5.6,1
41,22.9,42,26.4,4,-0.73,1,12.3,1
12,57.4,13,58.2,0,0.28,1,7.2,1
33,21.6,27,29.3,4,-0.19,1,7.4,1
22,13.1,24,13.6,0,-0.39,0,5.0,1
2,99.6,0,61.2,0,0.55,0,3.6,0
24,36.0,29,27.3,3,-0.48,0,3.1,1
20,58.9,21,27.1,0,-0.38,0,7.2,1
26,64.6,36,48.2,1,-0.12,0,3.2,0
7,81.8,8,80.2,2,0.38,0,5.1,0
46,16.2,50,11.4,1,-1.0,0,6.1,1
24,42.9,25,36.8,5,0.0,0,5.5,1
47,25.3,43,0.0,5,-1.0,1,10.7,1
18,37.7,19,38.4,4,-0.74,2,8.1,0
24,57.8,29,42.7,5,-0.26,1,5.4,0
17,35.2,21,30.3,2,-0.22,1,4.8,0
27,35.8,28,39.9,3,0.59,1,7.1,0
25,51.9,21,24.4,2,-0.03,0,8.3,1
1,58.8,6,69.4,0,0.05,0,2.8,1
22,53.1,26,32.8,2,-0.1,1,6.2,0
34,25.7,39,11.0,5,-0.7,1,6.9,0
35,44.2,36,25.2,1,-0.44,0,8.4,1
27,52.9,22,45.5,3,0.45,0,7.7,1
29,19.2,33,31.0,2,-0.66,0,8.1,1
21,25.7,23,34.0,3,0.25,1,4.5,0
32,49.1,40,24.6,2,-0.36,0,10.8,0
4,56.6,6,66.9,0,0.59,0,0.5,1
26,59.0,28,38.4,3,-0.27,0,8.0,1
20,61.0,24,76.0,4,0.0,0,5.4,0
9,68.5,9,60.8,1,0.41,0,4.2,0
38,23.4,37,21.4,4,-1.0,2,7.3,1
25,46.5,27,45.1,2,0.03,2,6.0,1
24,44.4,22,60.6,0,0.07,0,6.4,1
17,57.7,18,31.3,1,-0.48,0,6.0,0
20,69.8,30,68.8,3,0.44,0,1.2,1
43,15.4,49,11.3,7,-0.26,2,12.9,1
32,23.2,35,57.6,4,-0.55,0,9.1,0
20,68.4,28,56.6,4,-0.01,1,4.9,0
34,0.0,33,4.2,6,-0.22,2,9.0,1
16,71.3,28,60.8,0,0.61,0,6.9,1
12,75.0,12,79.9,3,0.46,0,2.0,0
21,27.9,31,35.1,4,0.05,1,5.0,0
26,56.8,36,43.8,3,0.13,1,7.5,0
18,37.9,13,44.7,5,0.28,0,7.7,1
25,37.5,33,36.5,2,-0.05,0,4.2,1
34,27.9,35,14.7,4,-0.47,2,11.2,0
17,40.1,17,36.8,4,0.46,0,5.9,1
35,29.9,39,40.8,3,-1.0,0,6.8,1
11,40.9,9,42.7,2,0.69,1,5.2,1
29,40.9,33,37.9,1,-0.31,1,7.5,1
19,53.7,17,56.0,3,0.33,1,4.9,0
35,8.1,38,12.5,4,-0.2,2,10.3,1
36,34.7,43,14.0,4,-0.41,2,8.8,1
22,46.4,26,32.6,0,-0.09,1,7.6,0
24,58.8,25,51.8,1,0.06,1,5.9,0
33,44.1,37,27.0,2,-0.58,1,6.2,0
18,72.9,14,39.7,1,1.0,1,3.9,0
29,39.9,28,39.5,4,-0.19,1,9.3,0
18,46.6,18,38.0,2,0.63,1,6.6,0
26,20.6,31,29.9,0,-0.57,0,7.7,1
19,56.3,23,48.4,3,0.21,1,5.1,0
22,55.5,26,51.1,1,0.56,0,8.0,0
21,62.1,23,48.8,3,-0.2,1,6.8,1
2,53.4,1,35.9,0,0.14,1,5.5,1
17,68.1,25,50.9,0,0.7,0,6.1,0
26,33.7,25,42.0,3,-0.0,0,4.6,0
12,71.7,16,45.1,0,0.24,1,4.7,0
31,31.7,33,44.0,6,0.17,1,10.6,1
37,11.2,41,16.7,3,-0.1,1,9.9,0
16,67.2,16,30.5,3,0.6,0,8.6,1
13,84.3,19,66.3,2,0.52,0,2.2,0
30,27.5,38,17.9,8,-0.78,1,8.1,1
5,83.8,11,69.5,2,0.62,0,4.5,0
30,28.3,33,32.5,2,-0.13,2,4.1,1
20,39.4,20,46.7,3,-0.42,0,6.7,1
31,38.9,44,58.2,3,-0.65,0,9.6,1
20,73.7,18,72.7,0,0.17,0,5.2,1
20,60.8,26,38.5,2,0.09,0,0.5,0
28,62.9,31,35.5,1,0.2,2,3.6,1
2,67.3,4,62.2,1,0.78,0,3.1,0
3,57.7,6,74.5,3,0.45,0,4.0,0
18,38.4,18,41.3,0,0.18,3,5.8,0
25,23.0,29,31.3,3,-0.88,1,6.6,1
17,45.9,20,32.3,1,-0.03,0,6.9,1
36,34.5,49,27.6,5,0.19,1,7.8,1
30,38.3,36,22.9,1,-0.45,2,7.2,1
36,24.0,40,19.2,4,-0.79,0,9.4,1
34,40.6,38,16.2,2,0.13,0,6.1,1
30,30.9,39,40.6,1,-0.66,1,8.9,1
31,55.0,29,57.5,4,0.68,0,3.2,1
12,51.0,13,36.3,0,1.0,0,5.7,1
22,53.2,16,37.1,3,-0.17,3,7.6,1
29,6.6,33,1.9,3,-0.14,1,8.0,1
32,44.0,37,54.8,2,-0.59,1,7.7,1
6,84.0,4,100.0,0,0.39,0,4.5,0
27,37.5,35,27.4,4,-0.58,0,5.7,1
11,59.3,10,46.0,1,0.57,2,6.3,1
30,43.0,31,32.5,2,-0.05,0,8.4,1
14,63.4,16,56.9,1,0.41,0,3.2,0
46,26.9,54,10.9,3,-1.0,1,11.2,0
27,35.3,26,49.7,1,-0.26,1,6.6,0
19,77.2,22,65.8,0,0.09,1,7.1,1
37,22.6,42,30.4,2,-0.84,3,3.3,1
20,44.5,24,43.8,4,-0.32,3,9.0,0
35,16.9,39,3.5,3,-0.53,1,6.7,1
31,20.9,36,5.2,0,-0.88,1,9.5,1
20,48.2,20,51.8,0,0.2,0,3.4,1
21,57.6,30,38.7,0,-0.28,0,7.8,0
31,38.9,33,40.3,3,0.01,0,6.2,1
23,52.9,24,56.6,2,0.18,0,4.4,1
10,71.2,17,70.5,1,0.44,0,5.7,0
29,51.5,28,50.9,2,0.1,0,7.2,0
27,45.3,30,19.5,1,0.27,0,5.4,1
42,35.8,41,35.0,3,-0.99,2,6.8,0
29,49.9,41,24.4,1,0.04,0,3.7,0
38,39.4,49,10.7,2,-1.0,3,12.1,1
31,31.8,33,37.0,3,-0.28,0,8.4,1
35,37.6,39,30.8,5,-0.45,3,8.2,1
31,8.3,33,0.0,3,-0.66,0,10.3,1
16,61.0,17,31.2,4,0.3,2,1.9,1
14,41.7,16,49.5,3,0.33,0,4.9,1
36,20.6,38,21.3,8,-0.32,1,8.6,0
27,30.8,23,18.3,5,-0.38,0,9.2,0
15,49.7,18,47.4,6,0.22,0,3.0,1
33,24.1,35,6.8,3,-0.26,0,10.2,1
13,54.3,16,66.2,2,0.27,0,7.7,0
17,65.3,19,53.6,3,0.55,0,0.5,0
35,55.9,36,39.2,1,-0.14,0,6.5,0
23,52.5,28,44.2,3,0.48,0,6.7,0
21,29.1,25,53.5,3,0.18,0,8.1,1
33,41.5,41,31.7,1,-0.42,2,3.3,0
37,7.8,41,8.6,6,-0.75,1,9.8,1
39,17.2,40,13.6,5,-0.5,1,9.5,1
7,73.4,11,89.8,1,0.91,1,2.9,0
23,45.7,17,46.2,2,-0.03,2,10.7,1
4,98.6,14,74.9,0,0.98,1,1.7,0
32,25.0,35,21.4,3,0.13,2,8.2,0
36,29.3,47,14.5,5,-0.54,0,8.2,1
30,60.0,29,52.9,2,0.08,1,6.2,0
38,15.0,36,9.6,3,-0.38,1,9.7,1
13,60.5,16,64.2,3,0.38,0,5.2,0
18,47.5,21,64.9,4,0.63,0,3.8,1
31,20.1,34,17.7,0,-0.76,2,9.4,1
34,1.8,37,2.0,3,-0.63,1,9.6,1
25,39.3,24,58.1,5,0.33,0,3.9,1
14,21.6,10,54.8,1,-0.77,0,5.1,0
32,28.8,35,21.0,2,-0.58,1,11.0,1
10,90.5,7,95.9,0,0.7,0,0.6,0
38,36.2,34,12.9,3,-0.62,1,14.3,0
22,49.0,22,48.6,6,-0.42,1,8.2,1
30,31.9,34,27.9,0,-0.33,1,8.0,0
27,8.5,37,0.0,6,-0.63,2,12.2,1
41,14.0,47,42.0,7,-0.67,1,11.3,1
16,71.0,24,50.5,0,0.85,0,3.4,0
29,42.2,34,32.2,2,-1.0,0,4.8,1
24,14.4,27,25.8,2,-0.51,2,9.7,1
26,54.7,38,38.8,1,-0.29,2,10.0,0
18,79.4,15,61.9,1,0.46,0,2.4,0
33,23.7,33,23.4,7,-0.42,0,4.5,1
17,59.8,18,41.2,4,-0.32,0,4.2,1
27,51.2,33,61.5,0,-0.15,0,8.0,1
15,49.1,13,44.4,4,0.11,1,5.9,1
24,26.1,29,35.9,0,-0.43,0,9.6,0
4,89.3,8,51.0,1,0.69,0,3.2,0
34,0.0,39,35.9,6,-1.0,0,8.6,1
30,11.3,35,30.7,1,-0.22,2,12.4,1
9,72.6,17,77.0,0,0.74,0,1.5,0
21,74.6,23,50.5,0,0.37,0,3.7,0
26,43.2,30,19.8,2,-0.33,1,8.2,1
17,46.1,16,52.7,1,-0.12,1,5.4,0
19,66.3,17,51.1,2,0.18,0,6.3,0
11,72.8,20,77.3,1,1.0,0,3.7,0
22,52.6,21,29.5,1,-0.38,0,6.6,0
28,52.7,33,52.8,1,-0.39,0,5.7,0
34,18.4,38,30.5,3,-0.22,0,5.4,1
10,64.1,17,66.8,4,0.84,1,1.4,0
17,58.7,12,56.6,5,0.6,1,3.5,1
12,83.9,18,81.2,1,0.68,1,3.1,0
46,21.4,48,3.1,1,-0.95,1,7.1,1
23,55.9,23,63.4,1,-0.31,1,3.0,0
13,61.9,14,66.1,0,0.33,0,1.6,1
11,71.2,17,57.5,1,0.78,0,4.0,0
11,65.4,16,45.0,0,0.29,0,5.5,0
27,47.2,28,53.7,4,-0.11,0,5.1,1
8,95.3,5,77.3,2,0.88,0,1.4,0
17,55.7,15,54.9,0,0.16,0,6.5,0
16,64.6,21,64.2,5,0.37,1,3.8,0
9,78.1,6,56.7,0,0.32,0,5.3,0
15,60.4,17,53.6,0,0.4,1,5.1,1
14,74.2,27,60.4,0,0.79,0,2.0,0
21,56.8,25,46.6,1,-0.22,0,7.7,0
18,49.2,23,89.1,2,0.31,0,3.2,1
44,0.0,42,21.1,3,-0.55,1,8.2,1
2,97.0,0,90.7,0,0.53,0,3.4,1
33,23.1,38,50.4,2,-0.47,2,11.8,1
24,41.8,25,44.3,4,-0.16,0,6.7,1
5,90.5,12,80.3,0,0.49,0,0.5,1
32,50.2,35,21.0,4,0.22,2,10.6,1
9,89.6,25,65.8,1,0.57,1,3.4,0
25,48.9,25,12.5,1,0.03,0,7.1,1
34,22.3,38,38.9,6,-0.64,0,6.7,1
16,44.5,15,34.0,2,0.62,0,7.5,0
33,24.0,40,56.1,3,0.65,0,3.5,0
27,50.0,31,40.7,3,-0.48,0,3.7,0
18,53.6,17,41.6,2,-0.11,0,10.1,1
14,74.8,15,58.9,2,0.8,0,2.3,0
25,54.7,33,61.9,6,-0.08,2,7.6,0
28,28.2,35,42.6,5,-0.22,2,10.5,1
4,60.6,1,62.2,0,-0.03,1,4.1,0
1,69.9,2,63.0,1,0.5,0,0.6,0
11,72.1,21,80.7,1,0.73,1,4.1,0
19,24.5,21,20.7,1,-0.41,0,10.0,1
8,76.2,11,36.7,1,0.19,1,5.2,0
26,29.6,33,46.3,5,-0.51,0,4.8,1
37,10.9,34,26.8,4,-0.52,3,10.2,1
30,4.4,29,17.6,3,-0.87,2,5.6,1
29,29.2,30,29.7,3,0.05,0,6.1,0
13,48.6,20,40.9,0,-0.13,0,5.1,1
10,70.7,16,78.8,2,0.89,0,2.9,0
27,18.1,32,39.1,1,-0.18,2,5.5,1
11,62.6,13,55.9,1,0.1,0,4.5,0
41,5.9,48,0.0,1,-0.92,1,10.8,1
8,70.3,10,50.2,0,0.46,1,2.6,0
21,60.8,26,50.1,1,-0.2,0,2.1,1
19,33.9,25,16.8,3,-0.67,0,7.6,1
26,47.3,35,44.1,2,0.09,0,10.0,1
18,49.5,20,60.5,0,-0.0,0,5.9,0
18,41.5,19,40.6,0,0.06,0,5.5,0
26,26.6,34,23.3,0,-0.1,0,7.3,1
20,75.5,28,59.7,1,0.29,0,6.5,0
33,25.4,33,17.0,3,-0.56,1,8.3,0
39,16.8,37,1.6,3,-0.39,0,10.9,1
30,38.2,37,41.1,0,0.23,1,3.6,1
24,21.6,20,61.7,2,-0.12,0,5.8,0
35,11.7,31,37.8,3,-0.72,0,7.9,1
26,69.2,27,41.6,1,0.31,0,6.7,1
40,17.4,42,2.3,5,-0.51,1,5.8,1
9,89.3,7,81.6,2,0.17,1,2.1,0
40,20.4,43,2.5,3,-0.77,2,9.4,1
20,17.1,23,41.3,4,0.11,1,7.9,1
24,31.1,24,39.3,4,-0.42,0,6.3,0
12,81.1,22,88.4,1,0.96,0,0.5,0
43,10.0,47,23.9,5,-0.25,0,11.4,1
2,82.3,9,66.5,0,0.94,0,5.0,0
2,62.9,0,66.4,0,0.24,1,1.7,0
10,56.1,6,37.3,1,0.09,1,5.0,0
29,47.0,33,45.6,0,0.47,0,6.8,1
25,46.6,34,48.5,6,-0.0,1,7.8,1
32,22.1,30,15.0,6,-0.41,0,11.0,1
19,51.3,22,54.2,1,-0.02,0,6.9,0
13,45.3,10,62.6,1,-0.02,0,1.9,0
11,59.9,10,78.8,0,0.7,0,2.9,1
2,96.2,5,76.6,3,0.51,0,3.6,0
26,34.3,26,23.3,4,-1.0,2,8.2,0
4,71.7,1,44.8,3,0.28,2,4.9,0
8,50.6,5,74.2,0,0.39,0,4.2,0
42,1.0,36,20.5,4,-0.34,0,8.4,1
28,34.9,32,24.2,3,0.03,0,7.9,1
44,16.0,48,7.6,5,-0.82,1,8.0,1
40,21.6,44,23.4,3,-0.35,2,7.3,0
26,33.7,24,44.6,2,-0.13,1,6.7,1
36,1.1,42,25.6,5,-0.54,2,9.2,1
10,79.9,15,86.6,2,0.53,0,4.2,1
39,19.5,41,10.1,5,-0.71,1,9.6,1
33,28.9,34,54.8,6,-0.43,2,10.4,1
45,11.3,44,30.6,6,0.02,1,11.4,1
35,46.3,38,31.3,1,-0.96,1,6.2,1
11,39.7,19,23.5,1,0.2,0,6.3,1
19,65.0,26,45.6,1,0.15,1,8.2,0
16,56.9,17,73.5,0,0.4,0,3.3,0
9,71.8,13,62.2,0,0.33,0,1.1,0
32,9.7,30,9.8,5,-1.0,3,12.6,1
7,53.9,12,56.5,1,0.46,1,6.0,0
16,83.0,15,79.0,2,1.0,0,5.2,0
27,38.4,32,23.3,3,-0.28,1,8.3,0
22,42.4,36,19.3,2,-0.06,1,7.0,0
22,37.4,22,40.4,4,-0.35,0,4.4,0
26,37.5,40,30.8,6,0.03,1,6.6,1
31,20.4,35,0.0,5,-0.18,0,11.2,0
23,41.6,22,65.4,4,-0.07,0,8.4,1
21,51.9,20,46.3,1,0.18,1,9.0,0
3,76.8,14,85.6,0,-0.01,0,5.2,0
31,42.1,35,51.1,3,-0.23,0,10.6,1
8,68.9,8,82.0,2,0.9,1,0.5,0
29,43.1,30,30.6,4,0.19,1,8.4,1
5,76.8,9,69.0,0,0.68,0,0.7,0
45,14.0,47,20.6,1,-0.97,1,12.4,1
30,52.1,33,28.0,3,0.38,0,5.8,1
26,44.7,35,34.2,2,0.07,1,7.5,0
29,22.8,26,20.5,2,-0.22,0,7.2,1
19,49.7,24,64.7,2,0.06,0,6.1,1
32,17.7,34,14.3,5,-0.27,0,7.4,1
33,21.2,33,2.5,2,-0.77,1,9.0,1
23,36.2,29,48.5,3,0.65,0,6.8,0
35,8.1,31,8.0,6,-0.34,0,11.3,1
26,35.0,19,45.6,2,0.47,0,6.1,1
22,26.5,25,42.5,2,-0.52,2,9.2,0
10,67.5,11,77.2,1,0.14,0,4.6,0
25,46.1,22,33.6,1,-0.12,0,5.3,0
10,67.1,5,80.2,1,1.0,0,7.1,0
37,20.4,47,27.7,3,-0.65,2,10.3,1
5,99.1,9,71.7,1,1.0,1,1.7,0
17,48.1,19,46.7,1,-0.2,3,6.7,0
34,33.6,45,30.5,1,-0.64,0,10.0,1
29,44.4,35,31.4,4,-0.2,2,8.0,1
18,48.6,27,27.0,4,0.73,0,5.9,0
14,58.6,11,61.8,4,0.57,0,0.5,1
34,21.3,31,28.2,2,-1.0,1,6.7,0
4,78.7,8,44.8,1,0.9,0,3.8,0
40,19.4,44,30.0,4,-0.78,0,6.2,1
41,7.1,48,32.5,2,-0.94,1,10.7,0
32,26.9,27,11.7,1,-0.25,1,9.8,1
0,63.1,5,77.4,1,1.0,1,1.6,0
29,53.6,35,34.3,4,0.26,2,3.2,1
24,57.2,30,53.5,5,-0.11,0,5.6,0
16,53.8,16,62.6,2,0.26,1,6.6,0
26,51.9,30,32.2,2,0.41,0,8.5,1
14,76.8,13,66.4,3,-0.01,0,0.5,1
22,8.4,23,48.1,3,0.03,2,8.8,1
7,84.1,5,63.1,1,0.44,0,0.5,0
13,60.1,12,60.6,0,0.51,0,4.0,1
43,24.5,44,7.7,7,-1.0,1,10.5,1
20,50.1,20,41.7,3,-0.19,1,9.9,0
18,44.8,17,54.9,6,-0.07,0,6.0,1
4,52.8,1,45.9,1,0.28,0,7.0,1
31,41.1,41,1.4,6,-0.61,0,10.9,1
13,61.2,13,56.3,0,0.43,0,3.2,0
0,82.1,3,74.4,2,1.0,0,3.4,1
28,31.8,23,14.5,3,0.23,1,8.2,1
11,52.1,18,49.0,2,0.44,3,4.2,0
17,56.8,20,58.3,1,0.3,0,3.3,1
40,23.6,40,14.1,4,-0.82,2,6.8,1
24,13.7,24,30.6,5,0.07,3,4.3,1
22,55.2,27,46.2,3,0.19,1,5.1,1
33,26.8,23,38.3,2,-0.06,0,7.1,1
10,81.3,9,59.2,0,0.2,1,3.6,0
23,44.5,25,40.5,2,0.16,0,7.3,1
22,67.8,23,49.3,0,0.71,1,4.4,0
22,57.9,34,55.8,4,-0.19,0,3.9,1
35,0.0,36,28.0,2,-0.28,3,9.3,1
15,65.5,21,51.6,0,0.08,0,6.0,0
24,34.9,33,41.9,2,-0.18,0,5.8,0
12,86.0,17,65.3,3,0.37,0,0.8,0
16,61.0,15,57.5,2,0.12,0,4.0,1
11,86.9,8,82.0,0,0.69,0,1.7,0
2,72.9,7,99.8,2,0.8,0,4.9,0
38,19.7,47,23.2,3,-0.09,0,9.2,1
31,28.1,35,28.9,1,0.08,2,7.4,1
34,0.0,41,4.4,4,-0.91,2,13.4,0
33,24.1,45,15.9,1,-0.23,1,7.6,0
18,32.1,23,38.6,1,-0.29,0,8.6,1
23,30.7,21,50.5,2,-0.03,1,8.4,0
31,24.8,33,31.2,2,-0.46,0,10.7,1
21,52.2,28,47.8,1,-0.24,0,6.4,0
22,55.2,23,48.9,2,0.4,0,5.1,0
27,37.1,35,33.8,2,-0.11,1,6.3,0
27,14.4,29,11.6,2,-0.42,0,10.0,1
7,61.7,10,54.6,3,0.81,1,2.2,1
20,45.3,21,35.0,2,0.06,1,4.5,0
27,39.8,30,54.4,2,0.15,0,9.8,0
28,12.3,31,48.0,1,0.04,2,9.2,1
11,91.9,7,56.9,0,1.0,0,3.5,0
21,50.8,21,56.8,2,0.2,1,2.3,0
30,27.7,27,25.9,3,-0.76,1,7.5,1
18,56.4,18,47.4,1,-0.16,0,6.4,1
19,53.8,18,40.6,1,-0.35,0,5.3,0
23,49.3,29,51.3,1,0.12,0,4.0,1
26,29.2,32,52.0,0,0.33,1,7.0,0
39,16.2,43,32.3,5,-0.5,0,10.8,1
28,45.6,25,23.8,0,-0.65,0,6.6,1
21,59.0,23,34.3,2,0.09,0,6.6,0
15,87.5,12,70.4,0,0.95,0,7.4,0
31,45.0,32,14.9,3,-0.2,1,10.9,1
16,64.2,21,70.4,3,0.59,1,3.7,0
15,62.5,21,35.9,2,1.0,1,1.6,0
13,59.0,17,59.1,1,0.62,0,3.8,0
20,38.3,27,33.2,4,-0.69,0,10.9,0
0,81.4,3,76.8,1,0.57,0,4.2,0
30,22.1,31,29.6,2,-0.29,0,7.9,1
20,34.2,25,45.8,0,-0.03,0,9.3,1
23,33.7,29,35.7,1,-0.39,1,10.0,1
27,59.1,27,48.8,1,-0.11,1,2.5,0
26,50.2,30,36.6,1,-0.33,0,8.6,1
18,37.6,19,63.9,1,0.02,2,6.7,1
5,86.9,0,89.2,0,1.0,0,0.7,0
20,52.5,24,42.5,5,0.61,1,5.7,0
31,30.1,28,27.2,2,0.19,1,8.4,1
8,62.1,11,55.6,1,0.12,0,2.4,0
19,35.6,15,39.9,4,-0.17,2,6.6,1
17,68.3,16,46.6,0,0.28,0,3.5,0
23,30.9,23,18.4,2,-0.17,1,9.3,1
26,28.3,33,7.6,6,-0.23,1,6.4,1
30,19.1,30,20.6,3,-0.47,1,4.6,0
19,54.2,17,61.0,2,0.57,0,4.4,0
25,47.0,28,38.5,2,-0.02,1,4.4,1
31,40.2,32,39.8,0,0.0,0,3.6,1
6,49.9,11,61.2,1,0.48,1,6.6,0
30,51.0,28,24.3,2,0.06,0,8.3,1
15,45.4,18,33.4,2,-0.02,1,5.2,0
30,24.4,42,52.5,2,0.45,0,3.5,0
3,77.8,4,64.5,0,0.05,0,3.6,0
19,74.6,22,84.2,1,0.8,0,0.5,0
29,29.7,24,41.4,2,-0.41,1,7.4,1
9,95.3,8,87.2,0,0.77,0,1.8,0
22,73.3,26,45.1,2,0.49,0,5.3,0
28,39.9,29,24.1,3,0.05,1,8.4,0
21,46.9,25,65.2,3,-0.19,2,4.5,1
31,4.9,35,21.4,1,-0.08,1,9.1,1
30,17.3,27,37.6,5,-0.6,1,9.4,1
11,72.5,17,49.9,2,0.59,0,0.5,0
5,86.1,2,67.5,2,0.35,0,3.6,1
39,9.4,38,25.2,5,-0.8,1,6.7,1
34,10.6,37,12.7,4,-0.69,0,12.3,1
23,34.7,31,31.8,3,-0.23,0,8.2,0
26,33.8,24,34.0,5,-0.98,1,8.2,1
11,72.4,14,72.5,1,0.55,0,2.4,0
36,15.6,39,20.7,1,-0.47,2,10.0,1
26,51.5,31,57.2,2,0.15,0,5.8,1
10,95.5,17,70.3,1,0.46,0,0.5,1
1,70.4,1,65.8,1,0.77,0,1.9,0
15,63.5,21,58.1,4,-0.22,1,5.8,0
37,10.1,44,32.3,4,-1.0,0,5.9,1
24,29.8,33,26.5,2,-0.06,0,8.7,1
33,29.6,37,38.3,4,-0.06,1,8.1,0
23,55.7,26,51.2,2,0.23,1,8.5,1
0,77.8,0,85.9,0,0.9,0,1.2,0
39,25.9,35,28.6,4,-0.11,1,8.1,1
32,37.3,33,48.5,5,0.11,2,7.2,0
40,0.0,42,0.0,4,-1.0,3,5.2,1
30,25.9,32,18.9,4,-0.5,1,8.1,1
31,33.6,35,37.6,3,-0.4,1,7.8,1
4,71.3,0,66.8,0,0.4,0,0.5,0
20,62.5,21,72.9,0,0.75,0,5.3,1
7,68.5,17,64.7,4,1.0,0,3.3,0
39,39.0,45,19.2,3,-1.0,1,8.1,0
10,71.5,14,38.2,2,0.28,1,5.6,0
19,65.5,23,45.2,1,0.05,0,4.5,0
25,57.3,26,56.8,2,0.54,0,5.1,0
35,29.4,30,24.1,5,-1.0,0,11.0,1
18,53.6,22,37.7,1,-0.61,0,4.7,0
9,81.8,1,93.3,1,1.0,0,0.5,0
27,41.4,28,16.1,1,-0.06,0,7.8,1
30,24.9,32,14.1,3,-1.0,1,9.3,1
0,84.9,0,76.1,0,0.91,0,3.0,0
19,48.2,30,60.4,1,0.76,0,3.8,0
15,62.5,24,62.1,0,0.11,0,1.9,1
12,69.8,18,80.5,0,0.73,1,0.5,0
8,89.3,6,90.2,0,0.75,0,5.9,0
22,38.6,32,34.1,4,-0.74,1,8.1,1
24,10.3,28,10.1,1,-0.77,1,11.8,1
24,60.7,22,72.7,0,0.07,0,6.2,0
32,24.3,34,53.6,6,-0.34,1,6.0,0
34,17.3,40,29.4,4,-0.73,0,6.8,1
9,73.2,9,82.1,2,0.73,0,2.4,0
26,35.4,29,3.8,3,-0.27,0,9.5,1
22,27.7,25,39.9,1,0.25,0,4.0,0
16,98.1,14,67.8,1,1.0,0,3.6,0
42,2.2,43,2.8,6,-0.68,0,10.5,1
0,67.8,0,77.1,0,0.73,0,0.5,1
33,28.6,38,12.3,0,-0.85,0,7.5,1
26,46.9,24,24.3,3,-0.54,0,8.2,1
35,15.5,38,18.6,5,-0.48,2,13.2,1
36,43.0,32,34.9,4,-0.28,0,6.1,1
19,53.3,16,54.9,3,0.25,0,6.2,0
28,23.8,25,23.9,4,-0.78,2,7.3,1
24,28.1,25,43.3,1,-0.23,0,6.9,1
34,0.0,37,34.2,7,-0.34,0,7.1,0
17,34.6,20,47.3,1,-0.08,0,5.7,1
36,41.0,31,21.5,2,-1.0,0,13.4,0
28,64.8,29,18.7,4,0.02,1,6.1,1
35,18.5,34,26.1,1,-0.77,0,5.5,1
18,35.9,22,32.0,2,0.37,2,7.2,0
32,22.7,33,17.8,2,-0.26,1,11.0,1
20,37.6,22,35.8,6,-0.95,0,8.7,0
19,57.6,18,64.7,3,0.39,0,4.9,0
35,0.0,44,43.9,4,-0.37,0,6.6,1
37,38.2,34,0.0,7,-1.0,0,8.5,1
52,16.9,52,0.0,3,-0.61,2,10.0,1
23,50.5,25,53.5,2,-0.22,0,4.4,0
4,56.6,5,63.2,1,0.76,0,2.8,1
0,85.5,0,57.0,1,0.49,0,5.0,0
8,68.3,3,59.7,0,-0.05,1,5.8,0
33,39.7,32,43.8,5,0.5,1,9.2,1
49,5.9,47,0.0,6,-1.0,1,9.3,1
43,18.5,52,6.6,3,-0.8,0,7.0,1
20,53.5,31,39.0,1,-0.08,0,5.7,1
32,31.3,34,20.1,2,-0.6,1,9.2,1
12,57.3,8,59.2,7,0.41,0,5.2,0
21,53.6,26,43.9,0,0.14,0,6.1,0
17,67.8,15,51.6,1,0.5,0,8.2,0
27,17.9,27,59.0,2,-0.14,1,6.8,1
17,65.2,16,57.6,1,0.12,1,4.5,0
28,33.8,28,23.8,2,-0.09,0,8.3,0
15,66.7,16,78.0,1,0.71,0,3.0,0
26,17.4,23,32.1,4,-0.71,0,10.1,1
23,84.1,22,72.3,3,1.0,1,1.5,0
17,50.4,23,70.7,0,0.33,0,3.3,0
38,2.6,40,23.6,3,-0.25,1,9.5,1
45,4.2,48,0.0,2,-0.52,0,6.8,1
11,63.5,4,60.6,0,0.27,0,5.0,0
33,33.0,39,23.9,2,-0.09,0,5.1,1
31,41.5,30,50.6,2,-0.11,0,10.0,1
17,53.4,23,57.5,2,-0.09,1,4.8,0
26,30.1,29,10.7,0,-0.67,1,10.4,0
11,57.1,11,81.4,2,0.54,1,2.9,1
20,44.1,15,57.1,4,0.25,1,5.1,0
14,68.8,25,67.0,1,0.67,0,4.4,0
37,19.7,42,20.4,1,-0.55,2,9.1,1
25,46.0,30,53.7,4,-0.12,0,6.5,1
29,42.4,38,12.5,3,-0.23,2,5.9,1
27,23.9,30,20.2,6,-0.19,2,8.5,1
6,68.6,13,81.6,1,0.69,0,7.7,0
23,61.0,23,42.3,1,-0.12,0,2.5,1
35,36.9,40,36.3,2,-0.87,0,5.2,1
35,22.5,34,21.5,4,-0.58,0,11.0,1
30,49.7,30,31.8,2,-0.2,3,8.4,0
46,0.0,48,0.0,3,-1.0,0,8.5,1
22,20.4,19,47.7,1,0.2,1,2.9,1
32,17.7,35,14.8,6,-0.45,1,10.9,1
30,42.4,31,14.7,7,-0.73,1,5.0,0
30,26.3,24,25.5,2,-0.25,0,7.2,1
19,66.0,19,57.5,0,0.02,0,3.7,0
10,50.6,11,41.4,2,0.52,1,2.3,0
16,41.6,21,58.6,2,0.22,0,6.1,0
33,46.2,36,39.4,2,-0.26,2,7.5,0
20,45.4,28,45.1,3,0.05,2,4.0,1
33,13.6,37,4.1,6,-0.65,1,7.4,1
25,32.5,25,42.9,2,-0.06,1,9.2,0
7,97.1,9,92.2,0,0.9,0,1.1,0
17,59.3,18,74.3,3,0.68,1,6.6,0
0,69.8,4,92.3,0,0.83,0,2.2,0
45,22.4,47,0.0,5,-0.69,0,6.3,1
35,22.6,34,33.0,3,-0.68,0,9.8,0
25,43.3,27,49.8,1,0.21,3,7.7,0
32,31.4,36,18.6,2,-0.55,0,10.9,0
21,62.6,19,69.9,0,0.91,0,0.5,0
20,48.7,23,81.4,2,-0.07,2,0.5,0
18,53.8,14,57.8,3,-0.23,0,7.2,0
30,33.1,36,21.2,3,-0.7,1,5.9,1
25,40.1,29,32.2,5,-0.12,1,4.4,0
24,40.9,33,41.9,4,-0.28,1,7.0,0
5,70.4,3,40.6,1,0.65,1,2.9,0
38,0.0,45,0.0,2,-1.0,2,7.2,1
35,16.4,41,25.5,1,-0.28,0,8.1,1
38,19.0,39,14.6,5,-0.53,1,10.7,1
24,18.1,24,7.1,5,-0.25,0,7.9,0
28,22.8,26,22.7,5,-0.57,1,9.2,1
32,33.9,29,58.2,2,0.1,1,6.6,1
29,35.5,28,30.8,1,-0.49,0,3.7,1
26,45.5,23,28.5,2,-0.67,0,7.6,1
42,18.8,50,17.3,4,-0.59,0,10.2,1
43,7.0,39,29.3,0,-0.54,1,7.4,1
10,85.7,13,52.9,0,0.85,1,0.8,0
14,53.1,18,22.0,2,0.24,0,5.6,1
23,98.0,26,61.4,2,0.42,0,2.6,0
14,47.9,18,30.4,0,-0.22,0,8.0,1
10,54.1,16,81.6,2,0.41,0,6.5,0
22,38.2,22,39.6,4,-0.24,1,9.9,1
12,74.5,14,41.9,1,0.48,0,1.4,0
39,13.8,40,12.2,6,-0.66,1,7.4,1
3,72.8,10,72.5,1,1.0,0,5.4,0
13,54.3,23,51.4,0,0.52,0,6.6,0
13,79.7,10,82.0,0,0.92,1,0.6,0
29,0.0,23,39.5,2,-0.47,0,8.7,1
8,50.3,12,71.1,4,0.63,0,2.1,0
23,42.1,29,42.0,6,-0.13,1,6.9,0
30,23.9,40,41.0,1,-0.58,1,6.7,1
14,42.4,19,46.0,1,0.5,3,5.2,1
25,24.0,33,57.2,2,-0.37,2,5.4,1
24,50.2,33,47.2,0,0.12,1,2.5,0
45,6.0,53,20.3,2,-0.55,2,16.4,0
7,66.5,13,57.9,0,0.51,0,3.8,0
20,48.8,17,45.2,2,-0.12,0,10.7,0
27,34.3,29,42.1,1,-0.32,0,9.8,1
14,65.5,17,37.9,0,0.47,1,2.0,0
12,57.7,14,52.3,0,0.4,2,4.2,0
45,34.0,47,11.5,7,-0.69,2,6.8,0
16,68.5,24,67.4,1,0.36,0,4.0,0
25,23.5,24,3.6,3,-0.31,0,4.2,1
23,45.4,28,41.3,2,0.38,0,2.5,1
25,39.8,28,51.3,1,-0.18,0,5.1,1
38,18.6,37,0.0,2,-0.31,0,8.5,1
31,42.9,29,45.3,1,-0.36,0,7.5,1
35,12.7,30,11.2,2,-0.31,1,6.0,1
16,62.5,20,43.9,1,0.24,2,4.8,0
30,8.1,32,25.9,7,0.28,2,10.0,1
21,67.7,20,88.1,1,0.44,0,3.8,1
28,59.7,22,35.0,2,-0.07,0,5.8,1
31,22.9,35,14.2,1,-0.14,0,7.6,0
9,58.2,10,53.3,2,0.57,0,0.5,0
32,17.5,31,25.6,6,-0.57,2,11.2,1
25,65.7,23,32.7,1,0.52,1,2.8,1
34,26.2,35,36.0,6,-0.45,1,11.6,1
19,27.1,23,44.4,1,0.08,2,7.4,1
12,46.4,13,59.3,1,0.34,1,5.1,0
18,44.8,15,45.0,2,-0.18,1,7.3,0
24,40.2,26,39.5,1,0.18,0,5.2,1
42,15.2,48,14.7,0,-0.69,0,7.9,0
22,49.2,24,30.3,2,0.4,1,3.9,1
11,62.0,13,79.4,0,0.2,0,7.1,0
22,56.8,23,24.1,2,0.29,0,6.9,1
9,55.9,7,52.5,0,0.07,0,3.2,0
17,55.0,15,28.1,3,-0.0,0,7.3,0
5,82.2,0,62.5,0,0.3,0,3.6,0
34,11.2,41,7.5,2,-0.55,1,8.9,1
15,60.0,19,94.2,3,0.09,0,2.3,1
11,73.2,13,71.8,1,0.81,0,4.0,0
25,44.8,28,26.0,2,-0.07,0,8.7,1
30,37.9,33,36.6,3,-0.11,3,6.7,1
21,57.8,20,20.2,6,-0.72,1,6.6,1
13,56.1,14,58.1,4,1.0,0,2.4,0
15,62.0,15,78.7,4,0.01,0,5.3,0
22,55.4,34,58.6,2,0.36,2,3.3,1
14,58.1,20,70.0,0,0.17,1,1.5,1
35,42.3,38,8.5,1,-0.23,0,11.0,1
27,15.2,34,16.1,3,-0.68,2,6.8,1
6,65.5,13,67.2,1,0.3,1,0.5,0
22,50.1,18,44.9,2,0.44,1,7.3,0
33,3.8,34,8.0,5,-1.0,4,7.1,1
27,48.7,29,54.4,1,-0.02,0,4.7,0
35,14.3,39,30.6,1,-0.23,1,6.0,0
35,9.3,36,10.9,2,-0.25,1,8.1,1
24,39.6,26,44.7,2,-0.55,1,11.7,1
15,88.3,15,70.6,2,0.55,0,2.1,0
44,16.0,50,10.7,6,-0.55,3,10.0,1
27,36.3,23,51.1,4,-0.8,0,8.6,1
30,28.7,30,17.2,1,0.12,0,6.1,1
16,46.7,11,28.4,5,-0.15,2,7.4,0
41,0.0,39,0.0,2,-0.93,2,10.8,0
24,19.8,27,38.0,1,-0.14,1,8.6,1
13,55.3,16,74.3,2,0.4,0,2.6,0
38,42.0,39,23.2,4,-0.56,1,8.2,0
11,62.4,17,84.7,0,1.0,0,3.6,0
16,43.1,23,44.3,1,-0.74,0,8.1,0
19,34.6,21,34.7,2,-0.49,1,5.7,0
34,36.0,37,12.0,4,-0.67,1,12.4,1
8,57.9,8,86.9,5,0.21,0,4.2,0
19,57.2,24,49.6,2,0.58,1,4.7,0
7,59.0,4,40.4,3,-0.17,0,3.9,0
35,27.9,44,55.2,7,0.07,0,8.0,0
33,16.4,40,17.9,3,-0.77,1,8.2,1
30,31.4,27,38.7,1,-0.72,1,8.9,0
24,45.8,23,56.0,1,-0.79,0,6.8,0
34,39.4,38,44.8,2,-0.18,0,10.5,1
17,74.2,18,65.3,1,0.05,0,3.8,0
37,35.3,41,33.6,2,-0.15,1,6.9,1
6,66.0,7,87.3,1,0.71,0,0.9,0
12,86.9,20,75.6,2,1.0,1,5.8,0
26,40.2,28,34.0,4,-0.24,0,4.1,0
33,27.3,45,26.9,5,-0.53,2,8.2,1
48,4.0,52,1.4,4,-0.56,2,10.9,1
22,33.2,19,57.4,2,0.28,1,2.7,0
30,15.8,40,39.3,0,0.02,2,12.4,0
11,81.5,17,71.2,1,0.79,0,1.9,1
18,47.2,22,57.8,1,0.09,0,5.2,1
37,36.4,42,49.2,4,-0.39,1,11.4,1
37,12.6,34,39.7,4,-0.11,1,7.1,1
21,32.0,16,37.6,1,-0.79,2,6.6,1
32,26.3,34,23.9,5,-0.6,1,8.1,1
37,5.0,45,22.6,3,-0.93,1,10.2,1
13,76.8,17,56.1,0,0.7,0,5.2,0
4,73.3,13,93.5,0,0.39,1,2.0,0
38,20.7,45,12.2,6,-0.16,1,3.2,0
19,51.4,21,65.8,1,0.07,0,4.5,0
7,59.2,14,67.2,2,0.44,0,3.2,1
38,44.6,46,28.2,3,-0.52,1,8.0,0
22,47.0,24,13.9,3,0.06,1,7.2,1
23,50.5,24,68.4,2,-0.27,0,2.5,0
46,0.0,49,0.0,3,-0.46,1,10.5,1
0,76.3,0,58.1,0,1.0,0,5.7,0
50,8.6,53,18.8,4,-1.0,1,10.3,1
25,47.6,30,68.1,2,0.41,0,6.8,0
2,87.3,5,69.7,2,0.87,0,0.5,0
13,53.0,16,62.6,3,0.68,2,4.5,0
15,43.2,17,51.5,1,0.27,2,4.1,0
36,66.7,30,39.2,3,0.61,0,8.9,1
33,8.7,42,29.2,1,-1.0,3,6.3,1
4,85.2,5,63.1,2,0.59,0,4.1,1
22,63.0,22,52.0,0,-0.44,0,6.3,0
0,86.7,7,62.1,1,0.66,0,2.5,0
32,0.0,38,0.2,5,0.02,2,4.6,1
24,52.7,27,63.5,2,0.31,2,1.1,0
22,46.1,27,55.0,4,0.43,0,5.5,0
19,48.9,16,44.3,2,0.24,1,3.7,0
32,15.2,34,47.3,4,-0.29,0,6.8,0
8,76.7,15,88.0,1,0.38,1,2.5,1
30,39.4,29,33.2,1,-0.56,2,5.6,1
25,43.7,23,12.8,2,-0.45,0,5.0,1
12,55.9,14,55.0,1,-0.49,0,4.4,1
17,39.8,19,37.6,0,0.1,1,1.6,1
11,63.4,16,57.7,1,0.4,0,3.3,0
26,66.4,22,34.9,3,-0.1,0,4.2,1
45,8.3,37,0.0,5,-0.87,2,10.1,1
26,33.1,32,0.0,4,-0.21,0,12.6,1
29,17.1,27,20.4,5,-0.3,0,6.9,1
8,68.0,8,41.4,2,0.26,0,3.7,0
54,9.9,47,0.0,4,-1.0,0,11.1,1
13,51.8,19,58.3,1,0.4,2,6.2,1
41,10.9,44,0.0,6,-0.67,3,9.8,1
32,31.9,35,12.3,3,-0.0,0,10.9,1
34,24.8,37,19.3,3,-0.14,1,10.0,0
15,60.0,9,41.5,1,0.93,1,6.4,1
29,34.7,27,43.0,4,-0.13,1,3.4,1
9,66.5,9,59.1,1,1.0,0,2.8,0
36,26.8,35,24.5,4,-0.67,0,7.0,1
27,41.9,28,35.5,4,0.65,1,4.6,1
39,15.0,42,18.9,6,-0.41,0,7.5,0
13,81.9,19,94.7,0,0.93,0,2.1,0
20,73.0,16,62.8,1,0.72,0,4.8,0
20,85.7,22,75.8,1,0.23,0,4.8,0
33,50.6,38,26.9,3,-0.51,1,8.8,1
18,34.6,16,47.8,1,0.1,1,6.3,0
11,64.1,12,68.2,0,0.79,0,2.7,0
7,80.9,11,79.5,1,1.0,0,1.0,0
22,65.2,24,68.6,2,0.15,0,3.3,0
0,86.5,5,77.9,0,1.0,0,0.5,0
14,62.6,16,59.5,0,0.43,0,2.6,0
24,31.7,25,27.0,5,-0.31,0,7.8,1
30,39.9,27,27.1,3,-0.27,2,10.2,1
33,8.8,36,23.0,7,-0.6,1,8.2,1
25,68.1,27,37.8,1,0.14,0,4.4,0
16,43.3,14,58.6,3,-0.16,0,8.2,1
30,47.9,34,67.5,5,-0.59,1,2.8,1
22,41.5,29,37.8,2,-0.03,0,7.8,1
21,55.3,20,50.3,3,0.24,0,2.6,0
31,48.0,30,56.9,2,-0.38,0,7.1,1
29,36.2,28,22.9,1,-0.21,0,7.0,1
13,64.6,8,51.0,1,0.83,0,4.2,0
40,26.1,50,30.8,2,-0.32,3,14.0,1
4,69.3,4,87.8,0,0.97,0,0.5,0
30,61.4,29,52.9,2,-0.39,0,3.2,1
32,28.1,29,42.8,4,-0.21,1,8.2,1
29,16.2,29,34.2,4,-0.12,0,11.1,1
41,46.6,40,25.0,4,-0.61,1,8.4,0
17,71.8,25,38.7,4,0.16,0,5.2,0
16,20.7,13,33.2,1,0.07,2,6.7,1
15,53.6,11,63.4,2,0.69,0,3.2,1
32,20.8,36,21.2,3,-0.77,0,9.8,1
6,63.7,8,53.7,1,0.58,0,3.6,0
7,87.0,8,89.0,0,0.69,0,5.7,0
12,79.1,16,60.4,3,0.53,1,5.3,0
15,75.1,18,80.2,3,1.0,0,0.5,0
36,47.7,38,26.2,4,-0.7,0,7.7,0
38,30.0,34,42.7,5,-0.47,1,9.8,1
5,68.3,0,76.9,0,0.6,0,1.1,0
14,65.5,13,67.7,0,0.13,0,0.9,1
49,17.6,47,2.7,7,-0.52,0,9.5,1
21,43.3,24,48.2,1,0.39,2,6.0,1
8,74.3,3,65.4,0,0.75,0,4.4,0
8,59.0,8,41.6,1,0.29,0,4.6,0
24,55.6,25,52.8,1,0.16,0,10.1,0
27,50.9,29,43.5,1,0.39,0,3.8,1
19,41.8,23,45.5,2,0.24,0,6.4,1
17,62.7,18,47.2,1,-0.07,1,3.1,1
37,9.6,36,13.5,3,-0.85,2,12.7,1
24,57.2,31,35.1,2,-0.18,0,9.6,0
23,43.4,24,59.0,2,-0.38,1,7.9,1
19,70.9,27,62.9,2,0.39,0,1.1,1
8,84.0,9,98.6,3,0.49,0,3.8,1
32,48.7,34,28.3,4,-0.5,2,5.4,1
14,71.2,15,71.3,3,1.0,0,4.6,0
14,55.6,17,45.7,3,0.77,1,2.2,0
24,47.1,24,27.4,4,-0.15,1,7.5,1
18,73.0,20,71.2,4,0.32,0,4.9,0
9,66.8,17,56.4,4,0.85,1,1.7,0
30,56.5,36,19.1,2,0.06,0,6.8,1
27,55.9,33,44.4,4,0.33,1,4.7,0
14,74.8,11,41.8,1,0.47,0,2.8,0
33,25.8,30,12.6,4,-0.06,0,9.7,1
14,25.9,17,34.5,2,0.44,0,9.5,0
17,56.5,22,55.7,0,0.77,0,5.0,1
36,21.1,36,0.0,3,-0.67,2,6.2,1
44,11.1,43,32.1,4,0.07,1,5.8,0
7,68.3,15,33.3,1,0.29,3,4.6,1
36,24.2,41,19.6,4,0.11,1,10.6,1
6,68.1,12,62.3,0,0.42,1,3.5,1
13,72.6,13,69.9,0,0.02,0,5.0,0
40,23.2,40,19.7,1,-0.03,0,9.1,1
46,12.9,52,22.5,2,-0.61,1,12.0,1
10,79.1,11,60.8,2,0.69,1,4.6,1
43,13.6,43,5.4,3,-0.85,0,7.7,1
5,57.6,3,74.8,2,0.39,0,3.7,0
22,43.8,22,57.3,2,-0.17,0,2.6,0
32,19.0,38,44.9,2,-0.14,1,7.8,1
38,24.7,34,21.0,4,-0.64,0,8.4,1
27,40.1,32,32.2,2,-0.89,1,7.9,0
36,25.5,35,14.8,4,-0.13,0,9.9,1
20,64.8,21,61.5,0,0.21,0,4.9,0
0,94.3,1,100.0,2,1.0,0,4.4,0
24,17.3,25,28.3,3,-0.48,1,7.4,0
36,23.4,37,18.7,8,-0.41,0,8.7,1
30,10.6,30,18.1,3,-0.16,1,10.9,0
26,19.7,26,26.6,4,-0.23,0,12.2,1
41,37.6,48,0.0,2,-0.6,3,8.6,0
18,53.0,20,38.1,2,0.09,0,5.3,1
33,28.7,34,31.4,0,-0.31,2,7.6,1
5,72.4,4,63.7,1,0.6,0,3.7,0
20,37.0,20,46.6,2,-0.29,0,5.4,0
31,20.2,30,42.7,1,-0.78,5,5.5,1
15,78.8,20,67.9,1,0.39,0,5.7,0
26,42.8,25,9.7,2,-0.13,2,8.3,1
22,39.0,15,34.9,1,0.7,0,7.2,1
31,22.3,33,17.1,4,-0.26,0,11.3,0
44,5.0,45,13.2,3,-0.71,2,8.7,1
3,72.4,3,62.0,0,0.98,0,4.4,0
14,39.9,20,40.7,1,0.02,2,7.8,0
47,1.2,38,26.7,8,-0.5,3,7.1,1
19,64.3,27,39.9,2,-0.03,0,4.1,0
26,47.1,32,36.7,4,-0.21,0,6.3,0
10,76.2,9,72.4,1,0.95,0,4.6,0
17,83.8,17,62.5,2,0.11,1,3.0,0
16,66.7,20,58.8,1,0.36,1,2.9,0
25,24.3,29,0.1,2,-0.18,1,6.7,1
15,74.0,14,66.0,0,0.22,0,4.3,0
43,7.9,39,8.3,3,-1.0,1,9.7,1
19,79.8,29,73.8,1,0.76,0,0.6,0
44,23.0,50,27.7,2,0.31,1,6.3,1
20,57.4,23,53.5,4,0.33,1,5.3,1
27,9.8,30,26.6,3,-0.27,2,8.7,1
16,75.6,20,87.0,1,0.4,0,2.7,0
6,67.6,11,78.2,1,0.96,0,2.5,0
6,70.7,0,79.7,0,0.69,0,3.6,0
6,72.6,7,96.4,1,1.0,0,3.4,1
36,17.4,36,4.8,3,-0.53,2,10.2,1
24,50.1,25,33.2,2,0.3,1,6.2,1
23,32.1,28,43.5,3,0.2,0,9.1,1
10,72.3,5,66.4,1,0.84,0,0.6,0
17,42.9,14,15.4,3,0.14,1,4.9,1
20,50.7,19,38.2,3,0.37,1,4.9,0
29,25.7,32,27.6,1,-0.67,1,10.8,1
6,71.4,11,70.7,0,0.61,0,1.9,0
43,0.0,52,0.0,4,-0.48,0,9.0,1
32,45.8,33,43.1,1,0.05,0,5.8,1
33,32.0,38,22.6,2,-0.6,1,8.7,1
12,48.1,17,51.4,2,0.32,1,8.4,1
42,35.0,46,11.9,2,-0.29,0,7.9,1
38,30.6,40,28.7,5,-0.96,1,7.5,1
28,48.5,28,18.6,3,-0.04,0,5.5,1
15,70.2,13,47.3,2,0.3,1,4.0,1
13,69.4,10,71.2,1,0.41,0,10.2,1
33,31.9,36,28.8,1,-0.03,0,6.9,1
27,43.1,29,26.7,2,-0.05,1,8.1,1
3,78.8,3,47.9,0,-0.07,0,3.6,0
27,52.3,32,26.3,2,-0.42,0,7.0,1
17,60.9,18,66.4,1,0.75,0,5.0,1
30,37.3,28,37.5,1,0.47,0,8.7,1
10,62.3,11,57.9,4,0.48,0,4.9,0
26,45.8,31,21.9,3,-0.6,2,8.0,0
4,58.0,2,52.9,1,0.64,0,2.3,0
23,52.2,26,47.8,0,0.06,0,5.2,1
12,46.6,14,42.6,1,0.81,1,4.0,0
25,25.3,24,31.4,2,-0.46,0,12.6,0
32,52.3,33,37.7,5,-0.02,1,9.8,1
32,27.1,28,25.5,5,-0.43,0,6.6,0
35,16.0,37,19.4,6,-0.32,1,7.0,1
30,26.2,27,30.1,4,-1.0,1,7.9,1
18,42.5,24,42.4,1,-0.02,1,4.0,1
34,36.9,36,48.1,5,-0.1,1,6.4,1
28,41.3,28,23.0,5,-0.25,1,4.9,1
32,21.8,39,24.4,3,-0.22,0,7.0,0
29,34.0,27,27.4,4,-0.12,2,6.5,0
21,58.5,20,56.0,3,0.45,1,5.6,1
29,35.7,24,7.7,1,-0.23,3,7.7,1
23,55.9,30,57.9,1,0.07,1,4.4,1
42,20.3,51,22.7,1,-0.36,0,11.6,1
39,29.5,34,45.5,5,-0.83,0,8.9,1
10,66.0,9,54.8,2,0.07,1,3.4,1
27,28.5,29,25.9,3,-0.65,0,5.4,1
43,6.4,43,19.9,4,-0.55,0,6.6,1
20,67.0,22,76.8,0,0.64,0,0.5,0
21,52.7,23,53.2,2,0.87,0,5.8,0
9,67.8,13,36.2,2,0.52,0,5.8,0
14,85.5,12,49.0,0,0.48,0,1.5,1
8,67.3,11,73.4,2,0.69,0,5.5,1
14,77.1,12,87.2,0,0.05,0,4.2,0
28,36.4,28,24.7,3,-0.17,0,6.7,1
10,47.5,5,51.2,3,-0.42,0,6.3,1
33,49.4,33,23.1,4,-0.26,0,9.0,0
22,46.3,22,76.3,4,0.17,1,5.0,1
17,43.7,23,80.5,3,0.22,0,4.2,0
39,11.4,41,13.8,3,-1.0,1,9.8,1
27,23.1,29,30.0,2,-0.75,3,5.5,1
43,16.5,45,19.8,8,-0.57,0,8.3,1
36,40.1,29,3.6,5,-0.99,0,12.4,0
12,49.0,6,62.0,0,0.41,0,3.0,0
11,58.5,12,48.5,2,0.19,0,0.5,0
19,70.1,22,49.0,2,-0.3,2,6.8,0
30,34.4,31,37.3,1,-0.08,0,8.7,1
20,57.2,19,47.5,1,0.49,1,6.1,0
33,1.3,34,20.1,6,-1.0,2,9.9,1
27,60.6,28,62.2,2,-0.07,0,7.3,1
20,57.2,25,25.3,0,0.02,1,8.6,0
5,70.3,10,38.5,1,0.28,0,2.4,1
27,6.4,27,25.5,3,-0.92,1,10.9,1
21,59.5,23,69.6,2,0.43,0,6.7,0
28,55.3,31,39.7,3,0.48,1,5.5,1
13,54.3,17,66.3,1,0.34,0,6.8,0
30,30.0,39,46.6,1,0.15,0,9.0,1
17,58.9,19,72.0,1,0.55,1,1.3,0
40,7.0,47,6.8,3,-1.0,2,13.0,1
15,56.5,12,65.0,4,0.25,0,2.3,0
22,51.3,21,35.3,2,-0.12,0,5.0,0
20,58.0,13,53.3,3,0.62,2,6.4,1
9,87.0,12,84.0,0,1.0,0,3.5,0
19,53.6,24,37.7,0,0.24,0,5.6,1
27,57.4,19,39.4,2,0.5,0,4.1,1
12,52.4,15,92.2,0,0.49,0,2.8,0
22,61.3,26,37.1,2,0.46,2,4.6,1
44,18.7,48,29.9,5,-0.37,0,9.7,1
40,21.7,37,31.6,5,-0.09,3,7.3,1
13,85.1,18,76.5,1,1.0,0,0.6,0
22,37.2,24,43.9,4,0.06,1,3.8,1
40,36.4,44,33.7,3,-0.52,2,6.3,1
9,72.3,10,56.5,0,0.45,0,2.9,0
2,79.9,6,84.7,1,1.0,0,0.5,0
19,45.5,25,22.0,3,-0.06,0,4.2,1
17,66.9,18,77.4,4,0.38,1,6.3,0
4,74.5,7,72.6,2,0.49,0,1.1,0
35,30.4,42,13.8,3,-0.42,1,5.8,1
19,32.7,20,41.7,1,-0.2,1,9.7,1
39,52.1,36,17.6,2,-0.41,2,9.3,0
37,11.5,42,24.3,1,0.09,4,10.6,1
17,80.4,25,72.2,0,0.62,0,3.2,0
39,0.0,46,0.0,3,-0.82,0,13.5,1
14,74.3,19,63.1,0,0.77,0,4.2,1
1,64.7,0,94.6,0,0.17,0,2.6,1
38,7.5,37,15.5,1,-1.0,0,7.2,0
19,57.0,19,37.5,4,-0.02,2,3.4,1
30,14.1,32,17.4,3,-1.0,1,7.8,1
14,67.6,23,60.2,1,0.83,1,2.4,0
0,88.1,0,69.5,0,0.71,0,0.5,0
23,27.4,34,16.3,4,-0.44,1,7.2,0
12,66.4,12,57.2,1,0.72,1,7.0,0
23,43.4,22,42.0,1,-0.04,0,3.0,0
35,20.1,40,24.3,1,-0.11,0,7.6,1
31,19.8,37,18.3,2,-0.49,1,5.1,1
21,66.5,26,51.9,1,0.35,1,3.2,1
0,80.8,0,65.0,1,0.95,1,4.6,0
35,17.5,39,7.0,3,-0.92,0,7.6,1
18,57.6,16,61.5,1,0.53,1,3.6,0
37,17.1,36,44.7,5,-1.0,0,9.2,1
19,40.0,21,56.8,3,0.34,0,7.6,1
35,12.4,34,51.6,2,-0.5,3,6.6,1
0,86.6,6,74.4,0,0.89,0,4.0,0
27,34.4,27,47.6,4,-0.38,0,6.9,1
16,64.3,17,62.8,0,0.12,1,4.9,0
5,98.0,3,87.7,0,0.47,0,1.7,0
4,67.5,10,78.7,1,0.88,0,3.9,0
5,67.8,4,66.1,0,0.82,0,6.8,0
7,67.1,14,70.8,1,0.2,0,3.1,1
14,60.8,20,60.9,2,0.46,0,4.5,1
23,36.2,23,30.9,1,0.39,0,4.0,1
17,64.5,19,53.8,2,0.19,0,3.3,0
36,30.9,36,37.3,3,-0.76,0,6.4,1
44,0.0,48,10.0,4,-0.85,2,10.2,1
5,72.9,6,75.5,2,0.75,0,1.2,0
13,40.4,13,36.8,3,0.06,1,4.1,0
7,62.8,9,66.6,1,0.32,0,0.5,0
11,48.6,7,57.3,4,0.52,1,6.9,1
23,40.4,25,31.8,2,0.18,0,10.3,0
23,70.9,28,42.2,4,-0.05,0,6.4,0
43,17.0,46,24.5,0,-0.77,0,7.7,1
22,46.4,28,68.4,0,1.0,0,0.9,1
11,63.7,11,60.4,5,0.44,1,1.1,0
28,48.5,28,72.3,1,-0.26,2,6.7,1
33,28.1,31,42.6,2,-0.27,0,9.2,1
22,48.2,22,56.6,2,-0.23,0,6.4,0
37,29.6,47,23.0,2,-0.42,2,10.4,1
14,66.9,17,65.3,3,0.73,1,3.7,0
0,72.0,0,70.8,0,0.77,0,0.5,1
19,30.9,17,51.1,1,0.69,0,7.3,1
19,38.8,15,10.9,4,0.04,0,7.8,1
3,59.6,2,61.0,4,0.22,0,2.2,0
11,63.5,16,68.6,1,0.16,1,5.0,0
36,3.9,36,7.5,4,-1.0,2,9.5,1
18,49.7,16,40.5,5,-0.4,1,5.6,1
16,66.5,15,43.4,0,0.32,0,4.9,0
26,25.9,31,39.3,3,-0.73,0,9.1,1
31,44.3,33,30.1,2,0.04,1,8.8,1
30,28.6,29,21.6,0,-0.39,0,5.4,0
24,26.2,25,41.6,4,0.08,1,8.0,1
32,20.2,43,25.3,3,-0.29,1,5.9,1
29,15.1,36,15.5,2,-0.34,2,8.3,1
25,26.1,33,38.4,1,0.3,1,5.6,0
17,51.6,12,53.8,1,0.87,0,6.6,0
6,91.3,7,91.9,1,0.53,0,2.1,0
28,47.8,27,43.3,1,0.14,2,6.1,1
16,56.9,20,48.3,4,0.27,0,8.1,1
15,45.4,21,51.9,2,0.3,1,5.2,0
40,34.8,43,19.5,1,-0.52,4,7.8,1
19,47.3,18,59.5,0,0.64,0,0.8,0
16,43.5,15,52.0,1,-0.21,0,4.7,0
25,54.6,29,48.0,3,-0.34,1,4.3,1
44,15.6,49,9.1,2,-0.83,0,8.8,1
41,12.2,44,4.2,5,-0.6,0,9.4,1
26,37.3,29,40.9,3,-0.28,1,5.3,1
0,71.4,2,89.7,2,0.46,0,0.9,0
1,66.1,4,57.2,3,0.36,0,0.5,0
22,34.7,27,43.1,2,-0.23,0,5.2,1
46,16.7,51,7.3,8,-1.0,2,7.6,1
21,42.5,23,48.8,2,-0.19,0,10.8,1
21,57.2,23,42.7,4,-0.08,1,9.3,0
12,56.7,14,96.2,3,0.46,0,7.1,0
11,60.4,10,56.3,1,0.46,1,1.4,0
32,39.6,31,42.3,2,0.1,1,7.8,1
31,25.7,35,34.5,5,-0.41,0,6.8,1
18,66.1,17,67.5,3,0.66,0,7.5,0
16,40.1,21,53.0,2,0.35,0,6.5,1
26,55.1,28,60.8,1,0.57,1,1.9,0
35,0.0,40,7.7,6,-0.89,2,10.8,1
36,33.8,41,45.1,3,-0.23,1,4.3,0
42,15.5,47,9.0,3,0.03,2,8.4,1
28,45.3,28,25.7,1,-0.37,1,7.4,1
32,6.5,36,17.6,7,-0.91,0,10.0,1
15,38.8,20,26.9,0,0.33,0,7.4,1
37,9.5,33,16.9,8,-0.58,1,10.3,1
15,65.5,24,69.7,3,0.39,0,3.9,0
25,14.0,36,30.1,2,-0.68,2,0.5,1
22,12.5,28,40.5,1,0.05,0,10.8,1
18,73.4,23,52.8,3,0.76,0,1.2,0
31,39.6,35,24.9,3,-0.51,2,8.3,0
28,52.8,29,30.6,2,0.11,1,11.7,1
26,27.3,28,30.8,1,-0.91,3,5.1,1
0,86.5,6,84.3,1,0.99,0,1.2,0
28,21.6,26,27.4,2,-0.5,2,8.7,1
19,57.8,17,44.0,2,0.59,1,7.5,1
34,37.8,34,20.0,3,-0.43,2,8.5,1
37,37.6,42,40.0,3,-0.7,1,10.6,1
40,11.2,39,3.9,4,-0.4,3,8.9,1
37,13.8,38,48.0,2,-1.0,1,9.6,1
40,10.2,42,1.9,2,-0.62,1,10.7,1
30,46.6,28,33.9,3,-0.65,1,7.2,0
41,2.5,33,13.0,10,-0.99,2,10.9,0
28,26.7,26,38.8,4,-0.08,1,4.3,1
7,74.8,10,90.7,1,1.0,0,1.7,0
20,45.9,24,52.5,1,0.74,0,3.0,1
37,0.0,41,11.1,2,-1.0,1,8.5,1
26,39.9,30,51.9,1,-0.03,1,9.1,0
35,24.5,34,6.1,3,0.09,0,9.7,1
36,35.2,35,8.9,5,-0.8,3,9.8,1
14,42.2,18,59.2,2,0.04,0,1.6,0
37,30.1,38,31.2,1,-0.42,1,9.1,1
33,41.8,39,34.3,2,-0.04,1,7.3,1
14,85.1,18,73.9,0,0.97,0,3.2,0
38,0.0,45,4.5,2,-0.93,1,12.9,0
15,56.8,15,77.3,1,0.26,1,2.7,0
9,54.7,15,53.6,2,0.59,0,4.4,0
14,70.2,24,55.0,0,0.31,1,5.1,0
14,42.7,16,34.5,3,-0.5,0,4.4,0
0,92.5,4,93.3,1,0.33,1,2.3,0
35,19.5,33,13.6,1,-0.65,0,4.4,1
10,44.2,16,62.9,2,0.85,0,3.4,1
20,39.9,27,56.0,1,-0.42,1,8.9,1
42,6.8,42,8.4,8,-0.5,0,11.4,1
38,25.5,42,11.8,0,-0.12,1,10.3,1
15,53.5,18,35.2,0,0.18,1,7.3,0
8,87.9,12,91.4,0,-0.14,0,5.6,0
1,72.6,6,66.6,2,0.51,0,1.0,1
20,54.5,24,48.8,1,0.11,1,6.4,0
25,63.5,26,49.8,1,0.59,0,10.2,0
28,0.0,33,11.2,2,-0.85,0,9.3,0
47,6.5,53,13.5,2,-1.0,2,7.6,1
17,62.5,17,29.8,3,0.17,0,4.2,0
26,53.5,28,36.5,2,-0.5,0,7.3,1
19,49.2,14,48.3,4,-0.06,0,2.9,1
19,62.1,23,60.3,3,-0.01,0,3.3,1
26,53.4,33,53.4,3,1.0,0,3.2,0
42,20.5,43,0.0,3,-1.0,1,10.5,1
17,38.8,20,50.6,1,0.71,0,8.9,0
11,55.1,12,47.1,2,0.14,0,5.0,1
30,19.4,30,30.1,3,-0.58,1,7.0,1
50,0.0,53,5.4,6,-0.77,3,18.3,1
17,60.5,16,46.8,2,0.34,0,4.5,0
5,72.9,6,52.2,0,0.55,0,0.5,1
21,55.1,19,27.6,1,0.09,0,4.8,0
29,37.0,33,12.1,3,-0.15,1,5.3,1
22,49.4,25,58.4,3,0.18,0,2.1,0
23,38.7,23,20.5,1,-0.49,0,8.5,0
30,32.1,32,42.9,2,-0.15,2,1.2,0
41,16.6,42,13.5,2,-0.89,2,12.1,1
30,20.8,37,30.7,4,-0.61,2,10.4,1
9,71.1,9,66.4,0,0.51,0,2.6,0
35,20.3,40,49.5,7,-0.58,1,8.6,0
7,39.6,6,75.3,3,0.07,0,1.9,0
23,22.2,28,38.3,2,0.08,0,5.2,0
42,32.6,48,18.2,3,-1.0,3,10.4,1
28,24.6,34,27.3,3,0.16,0,6.6,1
16,57.0,24,35.1,3,-0.06,1,4.2,1
24,45.2,27,64.2,2,0.65,0,5.0,0
8,81.8,15,86.8,1,1.0,0,4.3,0
7,78.6,15,82.9,1,0.66,0,4.8,0
6,87.9,4,60.4,0,0.52,0,3.9,0
6,80.2,6,89.7,0,1.0,0,2.0,0
7,81.8,3,70.8,0,1.0,1,3.4,0
2,85.1,8,58.5,0,0.89,1,1.3,0
36,25.1,32,22.8,2,0.04,1,9.8,1
37,42.9,32,49.3,1,-0.61,0,9.3,1
19,58.5,17,33.4,2,0.16,2,9.4,1
20,61.9,15,41.1,1,-0.05,0,3.5,0
15,69.7,18,100.0,3,0.25,1,1.2,0
31,42.6,29,55.7,1,0.09,1,6.9,1
35,26.5,30,24.5,3,-0.34,0,6.5,1
25,14.7,27,8.5,1,-0.54,1,10.5,1
19,38.9,21,25.3,0,-0.08,0,8.3,0
34,29.9,29,25.9,3,-0.79,1,11.5,1
28,27.0,27,36.4,2,0.16,0,7.9,0
35,41.3,37,53.2,4,-0.13,3,8.6,0
42,27.6,43,0.0,0,-0.93,2,7.4,1
25,22.0,26,14.9,2,-0.22,0,7.8,1
23,31.8,30,38.9,2,0.41,1,6.1,0
26,27.9,37,62.0,2,-0.04,0,7.4,0
6,68.0,7,82.2,1,0.53,0,6.2,0
13,53.3,10,63.1,1,0.23,1,1.4,0
24,68.2,25,33.7,1,-0.15,1,5.3,1
18,29.9,21,17.3,1,-0.22,2,6.1,1
24,35.4,26,14.8,1,-0.86,2,10.6,1
11,54.5,15,47.6,3,-0.29,0,3.1,0
6,77.6,17,60.8,1,0.37,0,2.9,0
31,31.0,26,16.5,4,-0.4,0,7.3,1
38,22.6,38,6.5,3,-0.76,1,4.7,1
22,51.6,30,21.3,2,-0.16,1,9.4,1
28,10.2,28,36.5,1,-0.05,1,5.7,1
12,54.2,17,42.1,3,0.79,0,1.6,0
21,29.2,26,32.3,5,-0.18,1,8.7,0
13,42.4,20,55.6,2,0.58,1,3.7,0
40,0.0,50,13.0,2,-0.94,2,9.9,1
12,91.7,15,58.7,1,0.47,1,2.3,0
15,47.6,10,58.3,2,-0.24,1,7.7,0
21,64.1,20,34.8,1,0.01,0,5.0,1
11,82.6,22,56.4,0,0.7,0,5.3,0
41,47.0,37,35.8,2,-1.0,0,6.8,1
15,77.9,19,44.0,2,0.22,2,5.1,0
29,65.4,21,48.2,1,-0.17,0,8.2,1
14,53.8,11,59.8,0,0.2,2,8.2,0
32,28.2,38,28.2,2,-0.35,0,5.0,1
28,31.6,30,25.6,1,-0.2,1,7.2,1
32,14.1,32,38.8,6,-0.12,1,12.6,0
27,36.4,26,32.8,4,-0.49,0,9.0,1
49,17.8,43,12.2,3,-1.0,0,9.5,1
9,58.6,14,55.7,1,0.48,0,4.0,1
31,13.3,32,27.4,6,0.04,3,8.6,1
6,67.8,2,72.1,2,-0.01,0,3.1,0
15,39.1,17,40.1,5,0.12,0,7.0,1
7,63.0,11,39.8,1,0.47,1,4.3,0
37,10.2,38,17.1,5,-0.49,0,7.5,1
22,39.1,24,27.5,2,0.14,0,5.3,0
30,38.6,32,34.9,3,-0.37,2,7.0,1
16,39.6,15,39.0,0,0.06,0,5.9,0
25,44.8,27,42.7,3,-0.46,0,7.9,1
26,45.2,31,29.4,5,0.2,0,6.6,1
23,28.9,29,21.7,3,0.08,2,6.2,1
21,45.5,26,37.4,4,0.01,1,8.8,1
7,65.0,6,55.8,1,0.61,0,2.3,0
16,52.8,21,60.0,2,0.05,0,8.4,1
18,65.8,22,34.6,1,0.51,0,7.5,0
25,34.0,24,35.9,2,-0.48,1,6.2,1
16,54.3,16,69.1,1,0.15,0,2.5,0
19,41.0,24,50.6,1,0.53,1,3.9,1
12,60.4,20,66.2,1,0.17,0,4.3,0
22,70.9,17,57.7,1,0.4,0,6.1,1
32,25.4,41,17.1,0,-1.0,0,8.7,1
21,34.4,28,43.4,3,-0.03,0,5.2,0
23,42.7,26,62.8,3,0.25,1,7.9,0
28,44.8,29,37.5,3,-0.44,0,4.4,0
3,70.3,7,77.6,1,0.83,0,3.8,0
33,31.4,32,0.0,1,-0.84,0,8.5,1
36,39.4,37,4.5,5,-0.32,0,7.6,0
39,1.7,35,18.3,3,-0.85,0,11.0,1
23,56.9,18,41.6,1,-0.35,0,8.6,1
43,19.3,54,1.8,5,-1.0,1,10.2,1
28,16.2,30,25.8,3,-0.67,0,6.9,1
18,56.5,21,49.4,1,0.57,0,7.6,0
33,28.3,35,11.7,1,-0.2,1,9.2,1
33,14.1,32,0.0,2,-0.07,0,10.0,1
25,12.4,26,4.3,2,-0.5,0,9.8,0
9,66.7,11,70.7,4,0.29,0,4.4,1
37,31.5,38,18.7,3,-0.4,0,13.1,1
31,53.2,30,47.0,6,-0.28,0,6.8,1
34,22.3,38,22.2,5,-0.53,2,10.1,1
10,68.2,13,73.9,0,0.65,0,3.7,0
21,50.0,25,47.7,4,0.37,1,6.1,1
8,79.0,13,72.4,2,0.06,0,1.8,0
17,60.8,18,57.6,0,0.16,0,3.6,0
36,29.5,37,16.8,1,-0.9,1,9.4,1
23,18.4,31,13.2,4,-0.39,1,6.0,1
0,90.1,0,90.5,0,1.0,0,0.5,0
17,37.7,12,61.8,2,0.34,0,6.0,1
24,51.9,28,70.3,3,0.06,0,7.6,0
18,87.4,17,59.8,0,0.59,0,3.3,0
0,61.7,0,62.7,1,0.18,0,2.7,0
37,29.0,43,23.4,3,-0.55,0,5.4,1
25,27.6,26,36.0,1,-0.04,0,9.9,1
21,59.4,18,54.0,1,-0.12,0,6.8,0
41,22.8,51,0.0,4,-0.36,0,12.1,1
33,40.6,29,19.0,4,0.02,0,3.8,0
25,40.4,27,39.9,6,-0.35,0,7.1,0
11,68.3,5,9.6,2,-0.22,1,3.0,0
23,46.0,26,39.1,1,-0.27,1,7.8,0
18,66.5,17,43.8,1,0.03,0,5.2,0
18,59.8,23,59.0,2,-0.2,0,6.2,1
12,44.8,14,82.0,2,0.21,0,1.4,0
34,20.6,41,33.0,1,-0.59,1,6.5,1
27,19.7,27,24.7,5,-0.1,0,6.3,1
15,41.1,11,33.1,2,-0.12,1,6.1,1
7,86.9,10,58.4,0,0.74,0,2.5,0
43,3.3,44,10.1,7,-0.94,1,10.7,1
9,71.5,4,29.9,3,0.35,0,3.1,0
20,27.4,18,55.9,3,-0.31,0,6.4,0
13,33.7,12,38.1,1,0.07,3,8.8,1
28,34.8,36,31.7,1,-0.36,1,8.6,1
24,50.6,29,29.6,0,0.61,2,5.8,0
22,36.4,23,20.4,2,-0.09,0,8.1,0
33,29.6,37,6.2,2,-0.24,1,6.6,1
47,23.5,41,35.8,4,-0.89,3,11.5,1
28,45.6,28,44.0,5,-0.08,1,6.3,0
24,44.4,28,47.1,2,-0.29,0,6.6,1
41,22.4,44,15.8,4,-0.89,0,10.6,1
29,34.3,29,22.8,4,-0.59,1,10.9,0
26,19.6,28,16.4,6,-0.45,0,6.1,0
24,37.5,27,36.7,3,0.0,0,6.5,0
21,45.8,23,47.1,2,0.51,0,9.8,0
12,91.3,17,77.2,1,0.85,0,5.8,0
3,84.4,6,78.4,1,0.35,0,2.2,0
30,13.8,34,64.7,3,-0.21,2,8.8,1
33,6.7,42,44.8,3,-0.24,1,7.4,1
12,55.7,17,39.1,1,0.8,0,4.6,1
14,62.9,23,55.6,1,0.3,0,3.3,1
9,63.8,8,55.7,1,0.38,2,2.9,0
9,79.4,5,85.5,2,0.97,0,1.6,0
30,31.0,31,27.2,3,-0.22,4,10.7,1
25,49.3,26,38.9,2,-0.69,1,6.1,1
10,84.5,18,44.5,0,0.16,0,4.7,0
38,24.8,35,4.5,1,0.09,1,7.5,0
24,59.3,26,70.3,1,-0.45,0,4.6,0
0,63.5,4,76.2,0,0.73,0,2.9,0
22,45.3,24,31.6,6,0.29,0,3.3,0
16,50.7,17,49.5,3,-0.43,0,6.8,1
25,46.1,28,25.2,1,-0.43,1,6.3,0
14,34.9,20,45.7,1,-0.22,0,4.1,0
26,47.9,34,30.3,1,0.66,1,3.9,0
37,28.6,39,13.7,5,0.15,1,12.2,1
26,53.3,25,40.9,3,-0.14,3,5.5,1
27,58.4,35,57.4,2,0.21,1,5.7,0
32,31.6,30,28.2,2,-0.37,1,10.1,1
8,69.0,17,73.4,1,0.46,0,1.6,0
